date_time,maxtempC,mintempC,totalSnow_cm,sunHour,uvIndex,uvIndex,moon_illumination,moonrise,moonset,sunrise,sunset,DewPointC,FeelsLikeC,HeatIndexC,WindChillC,WindGustKmph,cloudcover,humidity,precipMM,pressure,tempC,visibility,winddirDegree,windspeedKmph
2018-12-11 00:00:00,13,10,0.0,8.7,1,1,21,11:16 AM,09:10 PM,08:07 AM,05:22 PM,7,12,12,12,9,22,73,0.0,1026,11,10,314,6
2018-12-11 03:00:00,13,10,0.0,8.7,1,1,21,11:16 AM,09:10 PM,08:07 AM,05:22 PM,8,11,12,11,9,18,76,0.0,1025,11,10,352,7
2018-12-11 06:00:00,13,10,0.0,8.7,1,1,21,11:16 AM,09:10 PM,08:07 AM,05:22 PM,9,12,13,12,12,0,75,0.0,1024,10,10,337,10
2018-12-11 09:00:00,13,10,0.0,8.7,1,1,21,11:16 AM,09:10 PM,08:07 AM,05:22 PM,6,12,12,12,5,18,67,0.0,1023,11,10,14,4
2018-12-11 12:00:00,13,10,0.0,8.7,1,1,21,11:16 AM,09:10 PM,08:07 AM,05:22 PM,6,13,13,13,3,32,63,0.0,1022,12,10,166,3
2018-12-11 15:00:00,13,10,0.0,8.7,1,1,21,11:16 AM,09:10 PM,08:07 AM,05:22 PM,6,14,14,14,7,34,60,0.0,1020,13,10,221,6
2018-12-11 18:00:00,13,10,0.0,8.7,1,1,21,11:16 AM,09:10 PM,08:07 AM,05:22 PM,6,12,12,12,13,90,67,0.0,1020,12,10,256,9
2018-12-11 21:00:00,13,10,0.0,8.7,1,1,21,11:16 AM,09:10 PM,08:07 AM,05:22 PM,6,11,12,11,10,92,66,0.0,1020,12,10,297,6
2018-12-12 00:00:00,13,10,0.0,8.7,1,1,29,11:53 AM,10:07 PM,08:08 AM,05:22 PM,4,11,11,11,11,98,62,0.0,1020,11,10,333,7
2018-12-12 03:00:00,13,10,0.0,8.7,1,1,29,11:53 AM,10:07 PM,08:08 AM,05:22 PM,5,11,12,11,10,9,64,0.0,1019,11,10,34,8
2018-12-12 06:00:00,13,10,0.0,8.7,1,1,29,11:53 AM,10:07 PM,08:08 AM,05:22 PM,6,10,11,10,14,33,73,0.0,1020,10,10,29,9
2018-12-12 09:00:00,13,10,0.0,8.7,1,1,29,11:53 AM,10:07 PM,08:08 AM,05:22 PM,7,12,12,12,7,7,68,0.0,1020,11,10,21,6
2018-12-12 12:00:00,13,10,0.0,8.7,1,1,29,11:53 AM,10:07 PM,08:08 AM,05:22 PM,9,16,16,16,2,2,63,0.0,1019,13,10,146,2
2018-12-12 15:00:00,13,10,0.0,8.7,1,1,29,11:53 AM,10:07 PM,08:08 AM,05:22 PM,8,14,14,14,6,32,65,0.0,1017,13,10,184,5
2018-12-12 18:00:00,13,10,0.0,8.7,1,1,29,11:53 AM,10:07 PM,08:08 AM,05:22 PM,7,13,13,13,1,80,70,0.0,1017,12,10,236,1
2018-12-12 21:00:00,13,10,0.0,8.7,1,1,29,11:53 AM,10:07 PM,08:08 AM,05:22 PM,7,12,12,12,7,58,71,0.0,1016,12,10,272,5
2018-12-13 00:00:00,12,10,0.0,3.4,1,1,36,12:25 PM,11:05 PM,08:09 AM,05:22 PM,8,12,12,12,9,100,73,0.0,1014,12,10,268,6
2018-12-13 03:00:00,12,10,0.0,3.4,1,1,36,12:25 PM,11:05 PM,08:09 AM,05:22 PM,8,12,12,12,8,50,74,0.0,1011,12,10,296,5
2018-12-13 06:00:00,12,10,0.0,3.4,1,1,36,12:25 PM,11:05 PM,08:09 AM,05:22 PM,6,11,12,11,11,49,69,0.0,1009,11,10,321,8
2018-12-13 09:00:00,12,10,0.0,3.4,1,1,36,12:25 PM,11:05 PM,08:09 AM,05:22 PM,5,11,12,11,10,66,65,0.0,1008,11,10,319,8
2018-12-13 12:00:00,12,10,0.0,3.4,1,1,36,12:25 PM,11:05 PM,08:09 AM,05:22 PM,7,11,12,11,9,100,72,0.0,1006,11,10,291,8
2018-12-13 15:00:00,12,10,0.0,3.4,1,1,36,12:25 PM,11:05 PM,08:09 AM,05:22 PM,8,11,11,11,3,88,79,2.3,1005,11,9,12,3
2018-12-13 18:00:00,12,10,0.0,3.4,1,1,36,12:25 PM,11:05 PM,08:09 AM,05:22 PM,7,10,11,10,12,90,80,0.0,1004,10,10,20,10
2018-12-13 21:00:00,12,10,0.0,3.4,1,1,36,12:25 PM,11:05 PM,08:09 AM,05:22 PM,7,9,11,9,15,54,79,0.3,1005,10,5,32,11
2018-12-14 00:00:00,13,11,0.0,6.9,1,1,43,12:55 PM,No moonset,08:09 AM,05:23 PM,6,8,11,8,30,89,75,0.0,1007,11,10,8,21
2018-12-14 03:00:00,13,11,0.0,6.9,1,1,43,12:55 PM,No moonset,08:09 AM,05:23 PM,6,8,11,8,35,49,72,0.3,1008,11,5,22,24
2018-12-14 06:00:00,13,11,0.0,6.9,1,1,43,12:55 PM,No moonset,08:09 AM,05:23 PM,7,10,11,10,14,100,75,0.0,1011,11,10,7,10
2018-12-14 09:00:00,13,11,0.0,6.9,1,1,43,12:55 PM,No moonset,08:09 AM,05:23 PM,7,11,11,11,7,72,74,0.0,1014,11,10,40,5
2018-12-14 12:00:00,13,11,0.0,6.9,1,1,43,12:55 PM,No moonset,08:09 AM,05:23 PM,7,13,13,13,2,57,68,0.0,1016,12,10,202,2
2018-12-14 15:00:00,13,11,0.0,6.9,1,1,43,12:55 PM,No moonset,08:09 AM,05:23 PM,8,13,13,13,10,34,68,0.0,1016,13,10,190,8
2018-12-14 18:00:00,13,11,0.0,6.9,1,1,43,12:55 PM,No moonset,08:09 AM,05:23 PM,9,13,13,13,5,20,78,0.0,1018,12,10,211,4
2018-12-14 21:00:00,13,11,0.0,6.9,1,1,43,12:55 PM,No moonset,08:09 AM,05:23 PM,9,13,13,13,3,7,78,0.0,1019,12,10,296,3
2018-12-15 00:00:00,14,9,0.0,8.7,1,1,51,01:23 PM,12:03 AM,08:10 AM,05:23 PM,7,9,11,9,22,2,75,0.0,1021,11,10,322,15
2018-12-15 03:00:00,14,9,0.0,8.7,1,1,51,01:23 PM,12:03 AM,08:10 AM,05:23 PM,7,12,13,12,11,1,69,0.0,1021,9,10,307,9
2018-12-15 06:00:00,14,9,0.0,8.7,1,1,51,01:23 PM,12:03 AM,08:10 AM,05:23 PM,3,6,9,6,23,7,66,0.0,1021,9,10,323,16
2018-12-15 09:00:00,14,9,0.0,8.7,1,1,51,01:23 PM,12:03 AM,08:10 AM,05:23 PM,4,9,10,9,10,13,64,0.0,1022,9,10,325,8
2018-12-15 12:00:00,14,9,0.0,8.7,1,1,51,01:23 PM,12:03 AM,08:10 AM,05:23 PM,3,11,13,11,14,46,51,0.0,1021,12,10,282,12
2018-12-15 15:00:00,14,9,0.0,8.7,1,1,51,01:23 PM,12:03 AM,08:10 AM,05:23 PM,5,13,14,13,17,45,56,0.0,1020,14,10,265,13
2018-12-15 18:00:00,14,9,0.0,8.7,1,1,51,01:23 PM,12:03 AM,08:10 AM,05:23 PM,7,12,13,12,13,47,66,0.0,1020,13,10,265,9
2018-12-15 21:00:00,14,9,0.0,8.7,1,1,51,01:23 PM,12:03 AM,08:10 AM,05:23 PM,7,12,13,12,17,46,68,0.0,1020,12,10,283,10
2018-12-16 00:00:00,14,12,0.0,5.2,1,1,58,01:49 PM,01:03 AM,08:11 AM,05:23 PM,7,11,12,11,20,50,69,0.0,1018,12,10,289,12
2018-12-16 03:00:00,14,12,0.0,5.2,1,1,58,01:49 PM,01:03 AM,08:11 AM,05:23 PM,7,11,12,11,22,35,72,0.0,1017,12,10,293,14
2018-12-16 06:00:00,14,12,0.0,5.2,1,1,58,01:49 PM,01:03 AM,08:11 AM,05:23 PM,7,11,12,11,16,28,73,0.0,1017,12,10,329,10
2018-12-16 09:00:00,14,12,0.0,5.2,1,1,58,01:49 PM,01:03 AM,08:11 AM,05:23 PM,7,12,13,12,8,46,70,0.0,1017,12,10,335,6
2018-12-16 12:00:00,14,12,0.0,5.2,1,1,58,01:49 PM,01:03 AM,08:11 AM,05:23 PM,9,13,13,13,14,96,72,0.0,1017,13,10,286,10
2018-12-16 15:00:00,14,12,0.0,5.2,1,1,58,01:49 PM,01:03 AM,08:11 AM,05:23 PM,9,13,14,13,21,61,74,0.6,1015,14,5,267,14
2018-12-16 18:00:00,14,12,0.0,5.2,1,1,58,01:49 PM,01:03 AM,08:11 AM,05:23 PM,10,12,14,12,24,6,80,0.0,1016,13,10,253,14
2018-12-16 21:00:00,14,12,0.0,5.2,1,1,58,01:49 PM,01:03 AM,08:11 AM,05:23 PM,6,10,12,10,34,2,67,0.0,1018,12,10,289,20
2018-12-17 00:00:00,13,10,0.0,5.2,1,1,65,02:16 PM,02:03 AM,08:11 AM,05:23 PM,6,10,12,10,20,4,67,0.0,1021,11,10,307,14
2018-12-17 03:00:00,13,10,0.0,5.2,1,1,65,02:16 PM,02:03 AM,08:11 AM,05:23 PM,6,9,11,9,20,3,69,0.0,1023,10,10,325,14
2018-12-17 06:00:00,13,10,0.0,5.2,1,1,65,02:16 PM,02:03 AM,08:11 AM,05:23 PM,3,7,10,7,28,0,64,0.0,1025,10,10,329,18
2018-12-17 09:00:00,13,10,0.0,5.2,1,1,65,02:16 PM,02:03 AM,08:11 AM,05:23 PM,4,12,13,12,11,0,56,0.0,1026,10,10,340,9
2018-12-17 12:00:00,13,10,0.0,5.2,1,1,65,02:16 PM,02:03 AM,08:11 AM,05:23 PM,2,13,13,13,9,77,46,0.0,1028,13,10,344,8
2018-12-17 15:00:00,13,10,0.0,5.2,1,1,65,02:16 PM,02:03 AM,08:11 AM,05:23 PM,3,14,14,14,3,72,46,0.0,1028,13,10,246,3
2018-12-17 18:00:00,13,10,0.0,5.2,1,1,65,02:16 PM,02:03 AM,08:11 AM,05:23 PM,3,13,12,13,6,36,53,0.0,1029,12,10,318,4
2018-12-17 21:00:00,13,10,0.0,5.2,1,1,65,02:16 PM,02:03 AM,08:11 AM,05:23 PM,4,12,12,12,2,9,58,0.0,1029,11,10,321,1
2018-12-18 00:00:00,14,10,0.0,8.7,1,1,72,02:45 PM,03:06 AM,08:12 AM,05:24 PM,3,10,11,10,10,88,59,0.0,1029,10,10,310,6
2018-12-18 03:00:00,14,10,0.0,8.7,1,1,72,02:45 PM,03:06 AM,08:12 AM,05:24 PM,3,10,11,10,14,15,58,0.0,1027,10,10,293,9
2018-12-18 06:00:00,14,10,0.0,8.7,1,1,72,02:45 PM,03:06 AM,08:12 AM,05:24 PM,3,10,11,10,14,6,60,0.0,1026,10,10,275,10
2018-12-18 09:00:00,14,10,0.0,8.7,1,1,72,02:45 PM,03:06 AM,08:12 AM,05:24 PM,5,11,12,11,15,5,61,0.0,1025,11,10,257,11
2018-12-18 12:00:00,14,10,0.0,8.7,1,1,72,02:45 PM,03:06 AM,08:12 AM,05:24 PM,6,12,14,12,25,5,58,0.0,1023,14,10,232,18
2018-12-18 15:00:00,14,10,0.0,8.7,1,1,72,02:45 PM,03:06 AM,08:12 AM,05:24 PM,7,12,14,12,27,6,63,0.0,1022,14,10,224,19
2018-12-18 18:00:00,14,10,0.0,8.7,1,1,72,02:45 PM,03:06 AM,08:12 AM,05:24 PM,8,11,12,11,26,84,75,0.0,1021,12,10,236,17
2018-12-18 21:00:00,14,10,0.0,8.7,1,1,72,02:45 PM,03:06 AM,08:12 AM,05:24 PM,8,10,12,10,24,19,79,0.0,1021,12,10,239,15
2018-12-19 00:00:00,15,11,0.0,8.7,1,1,80,03:17 PM,04:11 AM,08:13 AM,05:24 PM,8,10,12,10,17,19,79,0.0,1020,11,10,262,11
2018-12-19 03:00:00,15,11,0.0,8.7,1,1,80,03:17 PM,04:11 AM,08:13 AM,05:24 PM,6,11,12,11,15,29,68,0.0,1019,11,10,270,10
2018-12-19 06:00:00,15,11,0.0,8.7,1,1,80,03:17 PM,04:11 AM,08:13 AM,05:24 PM,6,11,12,11,12,47,66,0.0,1019,11,10,267,8
2018-12-19 09:00:00,15,11,0.0,8.7,1,1,80,03:17 PM,04:11 AM,08:13 AM,05:24 PM,3,11,12,11,20,14,54,0.0,1019,12,10,289,14
2018-12-19 12:00:00,15,11,0.0,8.7,1,1,80,03:17 PM,04:11 AM,08:13 AM,05:24 PM,4,13,15,13,34,0,48,0.0,1018,15,10,282,26
2018-12-19 15:00:00,15,11,0.0,8.7,1,1,80,03:17 PM,04:11 AM,08:13 AM,05:24 PM,3,13,15,13,37,0,45,0.0,1018,15,10,282,27
2018-12-19 18:00:00,15,11,0.0,8.7,1,1,80,03:17 PM,04:11 AM,08:13 AM,05:24 PM,5,13,14,13,16,0,55,0.0,1020,13,10,288,13
2018-12-19 21:00:00,15,11,0.0,8.7,1,1,80,03:17 PM,04:11 AM,08:13 AM,05:24 PM,3,11,12,11,16,8,56,0.0,1022,11,10,315,11
2018-12-20 00:00:00,14,9,0.0,8.7,1,1,87,03:53 PM,05:19 AM,08:13 AM,05:25 PM,2,9,11,9,20,100,54,0.0,1023,10,10,310,13
2018-12-20 03:00:00,14,9,0.0,8.7,1,1,87,03:53 PM,05:19 AM,08:13 AM,05:25 PM,3,10,11,10,12,9,57,0.0,1023,10,10,320,9
2018-12-20 06:00:00,14,9,0.0,8.7,1,1,87,03:53 PM,05:19 AM,08:13 AM,05:25 PM,3,10,10,10,9,27,60,0.0,1024,9,10,303,6
2018-12-20 09:00:00,14,9,0.0,8.7,1,1,87,03:53 PM,05:19 AM,08:13 AM,05:25 PM,3,9,10,9,11,27,60,0.0,1025,10,10,316,8
2018-12-20 12:00:00,14,9,0.0,8.7,1,1,87,03:53 PM,05:19 AM,08:13 AM,05:25 PM,3,13,13,13,9,15,49,0.0,1025,13,10,306,8
2018-12-20 15:00:00,14,9,0.0,8.7,1,1,87,03:53 PM,05:19 AM,08:13 AM,05:25 PM,6,17,17,17,6,0,48,0.0,1025,14,10,268,5
2018-12-20 18:00:00,14,9,0.0,8.7,1,1,87,03:53 PM,05:19 AM,08:13 AM,05:25 PM,6,15,15,15,8,0,53,0.0,1027,12,10,314,7
2018-12-20 21:00:00,14,9,0.0,8.7,1,1,87,03:53 PM,05:19 AM,08:13 AM,05:25 PM,5,13,14,13,10,0,58,0.0,1028,11,10,341,8
2018-12-21 00:00:00,15,10,0.0,8.7,1,1,94,04:36 PM,06:28 AM,08:14 AM,05:25 PM,5,12,13,12,10,0,59,0.0,1029,10,10,335,9
2018-12-21 03:00:00,15,10,0.0,8.7,1,1,94,04:36 PM,06:28 AM,08:14 AM,05:25 PM,4,11,12,11,11,4,59,0.0,1029,10,10,305,8
2018-12-21 06:00:00,15,10,0.0,8.7,1,1,94,04:36 PM,06:28 AM,08:14 AM,05:25 PM,5,10,12,10,17,1,64,0.0,1029,10,10,282,13
2018-12-21 09:00:00,15,10,0.0,8.7,1,1,94,04:36 PM,06:28 AM,08:14 AM,05:25 PM,5,9,11,9,21,24,64,0.0,1029,11,10,280,14
2018-12-21 12:00:00,15,10,0.0,8.7,1,1,94,04:36 PM,06:28 AM,08:14 AM,05:25 PM,6,12,14,12,26,5,58,0.0,1028,14,10,262,19
2018-12-21 15:00:00,15,10,0.0,8.7,1,1,94,04:36 PM,06:28 AM,08:14 AM,05:25 PM,6,13,15,13,28,22,57,0.0,1028,15,10,253,19
2018-12-21 18:00:00,15,10,0.0,8.7,1,1,94,04:36 PM,06:28 AM,08:14 AM,05:25 PM,7,12,13,12,20,8,67,0.0,1028,13,10,262,14
2018-12-21 21:00:00,15,10,0.0,8.7,1,1,94,04:36 PM,06:28 AM,08:14 AM,05:25 PM,7,11,12,11,19,9,69,0.0,1029,12,10,279,13
2018-12-22 00:00:00,16,11,0.0,8.7,1,1,100,05:28 PM,07:39 AM,08:14 AM,05:26 PM,6,10,12,10,22,5,68,0.0,1029,11,10,289,14
2018-12-22 03:00:00,16,11,0.0,8.7,1,1,100,05:28 PM,07:39 AM,08:14 AM,05:26 PM,5,10,11,10,19,38,66,0.0,1028,11,10,291,11
2018-12-22 06:00:00,16,11,0.0,8.7,1,1,100,05:28 PM,07:39 AM,08:14 AM,05:26 PM,4,9,11,9,24,34,61,0.0,1029,11,10,304,13
2018-12-22 09:00:00,16,11,0.0,8.7,1,1,100,05:28 PM,07:39 AM,08:14 AM,05:26 PM,4,11,12,11,16,30,57,0.0,1029,12,10,307,10
2018-12-22 12:00:00,16,11,0.0,8.7,1,1,100,05:28 PM,07:39 AM,08:14 AM,05:26 PM,7,17,17,17,6,5,50,0.0,1029,16,10,314,5
2018-12-22 15:00:00,16,11,0.0,8.7,1,1,100,05:28 PM,07:39 AM,08:14 AM,05:26 PM,8,18,18,18,5,6,52,0.0,1028,16,10,235,4
2018-12-22 18:00:00,16,11,0.0,8.7,1,1,100,05:28 PM,07:39 AM,08:14 AM,05:26 PM,8,15,15,15,11,6,63,0.0,1030,14,10,323,7
2018-12-22 21:00:00,16,11,0.0,8.7,1,1,100,05:28 PM,07:39 AM,08:14 AM,05:26 PM,8,14,14,14,11,6,67,0.0,1030,13,10,330,7
2018-12-23 00:00:00,17,13,0.0,8.7,1,1,100,06:28 PM,08:45 AM,08:15 AM,05:26 PM,9,14,15,14,11,4,68,0.0,1030,13,10,7,7
2018-12-23 03:00:00,17,13,0.0,8.7,1,1,100,06:28 PM,08:45 AM,08:15 AM,05:26 PM,9,15,15,15,10,5,68,0.0,1030,13,10,354,7
2018-12-23 06:00:00,17,13,0.0,8.7,1,1,100,06:28 PM,08:45 AM,08:15 AM,05:26 PM,8,13,13,13,16,21,71,0.0,1030,13,10,333,9
2018-12-23 09:00:00,17,13,0.0,8.7,1,1,100,06:28 PM,08:45 AM,08:15 AM,05:26 PM,9,15,15,15,9,3,67,0.0,1030,13,10,309,7
2018-12-23 12:00:00,17,13,0.0,8.7,1,1,100,06:28 PM,08:45 AM,08:15 AM,05:26 PM,8,17,17,17,11,32,57,0.0,1029,16,10,260,8
2018-12-23 15:00:00,17,13,0.0,8.7,1,1,100,06:28 PM,08:45 AM,08:15 AM,05:26 PM,9,17,17,17,17,34,60,0.0,1028,17,10,248,12
2018-12-23 18:00:00,17,13,0.0,8.7,1,1,100,06:28 PM,08:45 AM,08:15 AM,05:26 PM,10,15,15,15,15,37,72,0.0,1028,15,10,270,9
2018-12-23 21:00:00,17,13,0.0,8.7,1,1,100,06:28 PM,08:45 AM,08:15 AM,05:26 PM,9,13,14,13,17,78,74,0.0,1029,14,10,283,10
2018-12-24 00:00:00,17,12,0.0,8.7,1,1,84,07:36 PM,09:45 AM,08:15 AM,05:27 PM,8,13,14,13,18,89,70,0.0,1028,13,10,295,10
2018-12-24 03:00:00,17,12,0.0,8.7,1,1,84,07:36 PM,09:45 AM,08:15 AM,05:27 PM,8,13,13,13,18,75,69,0.0,1027,13,10,296,10
2018-12-24 06:00:00,17,12,0.0,8.7,1,1,84,07:36 PM,09:45 AM,08:15 AM,05:27 PM,7,12,13,12,18,22,66,0.0,1027,12,10,316,10
2018-12-24 09:00:00,17,12,0.0,8.7,1,1,84,07:36 PM,09:45 AM,08:15 AM,05:27 PM,6,13,14,13,16,18,58,0.0,1027,13,10,331,10
2018-12-24 12:00:00,17,12,0.0,8.7,1,1,84,07:36 PM,09:45 AM,08:15 AM,05:27 PM,7,18,18,18,6,13,51,0.0,1027,17,10,322,5
2018-12-24 15:00:00,17,12,0.0,8.7,1,1,84,07:36 PM,09:45 AM,08:15 AM,05:27 PM,9,19,19,19,4,6,52,0.0,1026,17,10,262,3
2018-12-24 18:00:00,17,12,0.0,8.7,1,1,84,07:36 PM,09:45 AM,08:15 AM,05:27 PM,10,18,18,18,5,1,58,0.0,1027,15,10,310,4
2018-12-24 21:00:00,17,12,0.0,8.7,1,1,84,07:36 PM,09:45 AM,08:15 AM,05:27 PM,7,15,15,15,10,11,61,0.0,1028,14,10,20,6
2018-12-25 00:00:00,16,12,0.0,8.7,1,1,77,08:48 PM,10:37 AM,08:15 AM,05:27 PM,7,14,14,14,9,33,64,0.0,1028,13,10,47,5
2018-12-25 03:00:00,16,12,0.0,8.7,1,1,77,08:48 PM,10:37 AM,08:15 AM,05:27 PM,9,16,16,16,8,4,61,0.0,1028,16,10,111,6
2018-12-25 06:00:00,16,12,0.0,8.7,1,1,77,08:48 PM,10:37 AM,08:15 AM,05:27 PM,7,15,14,15,8,6,62,0.0,1029,13,10,22,6
2018-12-25 09:00:00,16,12,0.0,8.7,1,1,77,08:48 PM,10:37 AM,08:15 AM,05:27 PM,7,14,14,14,10,16,61,0.0,1029,13,10,68,7
2018-12-25 12:00:00,16,12,0.0,8.7,1,1,77,08:48 PM,10:37 AM,08:15 AM,05:27 PM,9,16,16,16,10,5,62,0.0,1030,15,10,103,9
2018-12-25 15:00:00,16,12,0.0,8.7,1,1,77,08:48 PM,10:37 AM,08:15 AM,05:27 PM,9,16,16,16,8,5,63,0.0,1029,14,10,114,7
2018-12-25 18:00:00,16,12,0.0,8.7,1,1,77,08:48 PM,10:37 AM,08:15 AM,05:27 PM,8,15,14,15,4,10,68,0.0,1030,13,10,211,4
2018-12-25 21:00:00,16,12,0.0,8.7,1,1,77,08:48 PM,10:37 AM,08:15 AM,05:27 PM,9,14,13,14,5,11,76,0.0,1030,12,10,277,4
2018-12-26 00:00:00,14,11,0.0,5.2,1,1,69,10:02 PM,11:22 AM,08:16 AM,05:28 PM,9,12,12,12,3,26,82,0.0,1030,12,10,146,2
2018-12-26 03:00:00,14,11,0.0,5.2,1,1,69,10:02 PM,11:22 AM,08:16 AM,05:28 PM,10,12,12,12,1,37,85,0.0,1030,11,10,225,1
2018-12-26 06:00:00,14,11,0.0,5.2,1,1,69,10:02 PM,11:22 AM,08:16 AM,05:28 PM,9,13,12,13,5,46,85,0.0,1030,11,10,260,3
2018-12-26 09:00:00,14,11,0.0,5.2,1,1,69,10:02 PM,11:22 AM,08:16 AM,05:28 PM,9,13,13,13,6,57,81,0.0,1030,12,10,259,4
2018-12-26 12:00:00,14,11,0.0,5.2,1,1,69,10:02 PM,11:22 AM,08:16 AM,05:28 PM,9,14,14,14,9,96,73,0.0,1030,13,10,223,8
2018-12-26 15:00:00,14,11,0.0,5.2,1,1,69,10:02 PM,11:22 AM,08:16 AM,05:28 PM,9,14,14,14,10,74,73,0.0,1028,14,10,227,8
2018-12-26 18:00:00,14,11,0.0,5.2,1,1,69,10:02 PM,11:22 AM,08:16 AM,05:28 PM,9,13,13,13,6,79,78,0.0,1028,13,10,234,5
2018-12-26 21:00:00,14,11,0.0,5.2,1,1,69,10:02 PM,11:22 AM,08:16 AM,05:28 PM,10,13,12,13,7,67,84,0.0,1028,12,10,265,5
2018-12-27 00:00:00,14,11,0.0,8.7,1,1,62,11:14 PM,12:00 PM,08:16 AM,05:29 PM,10,12,12,12,10,87,85,0.0,1028,12,10,290,7
2018-12-27 03:00:00,14,11,0.0,8.7,1,1,62,11:14 PM,12:00 PM,08:16 AM,05:29 PM,10,12,12,12,7,55,86,0.0,1027,12,10,303,5
2018-12-27 06:00:00,14,11,0.0,8.7,1,1,62,11:14 PM,12:00 PM,08:16 AM,05:29 PM,9,10,11,10,11,31,86,0.0,1028,11,10,307,8
2018-12-27 09:00:00,14,11,0.0,8.7,1,1,62,11:14 PM,12:00 PM,08:16 AM,05:29 PM,8,12,12,12,7,11,79,0.0,1028,11,10,320,6
2018-12-27 12:00:00,14,11,0.0,8.7,1,1,62,11:14 PM,12:00 PM,08:16 AM,05:29 PM,8,14,14,14,7,12,67,0.0,1027,13,10,254,6
2018-12-27 15:00:00,14,11,0.0,8.7,1,1,62,11:14 PM,12:00 PM,08:16 AM,05:29 PM,9,15,15,15,7,5,64,0.0,1026,14,10,224,6
2018-12-27 18:00:00,14,11,0.0,8.7,1,1,62,11:14 PM,12:00 PM,08:16 AM,05:29 PM,10,15,14,15,5,3,76,0.0,1027,12,10,234,4
2018-12-27 21:00:00,14,11,0.0,8.7,1,1,62,11:14 PM,12:00 PM,08:16 AM,05:29 PM,9,13,13,13,4,5,77,0.0,1027,11,10,287,4
2018-12-28 00:00:00,13,10,0.0,8.7,1,1,55,No moonrise,12:33 PM,08:16 AM,05:29 PM,8,11,11,11,7,22,80,0.0,1027,11,10,322,5
2018-12-28 03:00:00,13,10,0.0,8.7,1,1,55,No moonrise,12:33 PM,08:16 AM,05:29 PM,7,11,11,11,9,48,76,0.0,1027,10,10,352,6
2018-12-28 06:00:00,13,10,0.0,8.7,1,1,55,No moonrise,12:33 PM,08:16 AM,05:29 PM,6,11,11,11,6,22,73,0.0,1028,10,10,344,5
2018-12-28 09:00:00,13,10,0.0,8.7,1,1,55,No moonrise,12:33 PM,08:16 AM,05:29 PM,7,12,12,12,5,6,68,0.0,1028,11,10,4,5
2018-12-28 12:00:00,13,10,0.0,8.7,1,1,55,No moonrise,12:33 PM,08:16 AM,05:29 PM,8,16,16,16,2,3,62,0.0,1028,13,10,261,1
2018-12-28 15:00:00,13,10,0.0,8.7,1,1,55,No moonrise,12:33 PM,08:16 AM,05:29 PM,9,16,16,16,5,2,60,0.0,1027,13,10,210,4
2018-12-28 18:00:00,13,10,0.0,8.7,1,1,55,No moonrise,12:33 PM,08:16 AM,05:29 PM,10,16,16,16,4,0,70,0.0,1029,12,10,197,3
2018-12-28 21:00:00,13,10,0.0,8.7,1,1,55,No moonrise,12:33 PM,08:16 AM,05:29 PM,9,14,14,14,3,2,73,0.0,1029,11,10,278,3
2018-12-29 00:00:00,13,9,0.0,8.7,1,1,48,12:23 AM,01:04 PM,08:17 AM,05:30 PM,7,11,12,11,10,4,72,0.0,1029,10,10,305,8
2018-12-29 03:00:00,13,9,0.0,8.7,1,1,48,12:23 AM,01:04 PM,08:17 AM,05:30 PM,6,11,12,11,8,5,68,0.0,1029,10,10,324,7
2018-12-29 06:00:00,13,9,0.0,8.7,1,1,48,12:23 AM,01:04 PM,08:17 AM,05:30 PM,4,10,11,10,11,3,65,0.0,1029,9,10,338,10
2018-12-29 09:00:00,13,9,0.0,8.7,1,1,48,12:23 AM,01:04 PM,08:17 AM,05:30 PM,4,11,12,11,10,2,58,0.0,1030,10,10,339,8
2018-12-29 12:00:00,13,9,0.0,8.7,1,1,48,12:23 AM,01:04 PM,08:17 AM,05:30 PM,5,17,17,17,4,0,45,0.0,1029,13,10,306,4
2018-12-29 15:00:00,13,9,0.0,8.7,1,1,48,12:23 AM,01:04 PM,08:17 AM,05:30 PM,6,18,18,18,2,0,45,0.0,1028,13,10,183,2
2018-12-29 18:00:00,13,9,0.0,8.7,1,1,48,12:23 AM,01:04 PM,08:17 AM,05:30 PM,8,15,15,15,7,0,64,0.0,1030,11,10,62,6
2018-12-29 21:00:00,13,9,0.0,8.7,1,1,48,12:23 AM,01:04 PM,08:17 AM,05:30 PM,9,15,14,15,4,0,71,0.0,1030,10,10,343,4
2018-12-30 00:00:00,15,9,0.0,8.7,1,1,40,01:31 AM,01:33 PM,08:17 AM,05:31 PM,5,12,13,12,8,0,59,0.0,1030,10,10,312,7
2018-12-30 03:00:00,15,9,0.0,8.7,1,1,40,01:31 AM,01:33 PM,08:17 AM,05:31 PM,1,11,12,11,11,0,47,0.0,1030,9,10,316,10
2018-12-30 06:00:00,15,9,0.0,8.7,1,1,40,01:31 AM,01:33 PM,08:17 AM,05:31 PM,-1,9,10,9,16,0,46,0.0,1030,9,10,312,13
2018-12-30 09:00:00,15,9,0.0,8.7,1,1,40,01:31 AM,01:33 PM,08:17 AM,05:31 PM,-3,10,11,10,14,0,36,0.0,1030,9,10,319,12
2018-12-30 12:00:00,15,9,0.0,8.7,1,1,40,01:31 AM,01:33 PM,08:17 AM,05:31 PM,-0,17,17,17,9,0,30,0.0,1029,14,10,279,8
2018-12-30 15:00:00,15,9,0.0,8.7,1,1,40,01:31 AM,01:33 PM,08:17 AM,05:31 PM,1,16,16,16,10,4,35,0.0,1027,15,10,280,8
2018-12-30 18:00:00,15,9,0.0,8.7,1,1,40,01:31 AM,01:33 PM,08:17 AM,05:31 PM,0,13,14,13,18,3,39,0.0,1028,13,10,317,11
2018-12-30 21:00:00,15,9,0.0,8.7,1,1,40,01:31 AM,01:33 PM,08:17 AM,05:31 PM,-0,12,13,12,18,6,40,0.0,1029,12,10,337,10
2018-12-31 00:00:00,15,11,0.0,8.7,1,1,36,02:37 AM,02:03 PM,08:17 AM,05:32 PM,-2,12,13,12,21,5,36,0.0,1029,12,10,5,12
2018-12-31 03:00:00,15,11,0.0,8.7,1,1,36,02:37 AM,02:03 PM,08:17 AM,05:32 PM,-3,13,14,13,16,2,31,0.0,1029,11,10,331,11
2018-12-31 06:00:00,15,11,0.0,8.7,1,1,36,02:37 AM,02:03 PM,08:17 AM,05:32 PM,-5,12,12,12,15,3,29,0.0,1030,11,10,329,9
2018-12-31 09:00:00,15,11,0.0,8.7,1,1,36,02:37 AM,02:03 PM,08:17 AM,05:32 PM,-4,14,14,14,7,4,29,0.0,1030,11,10,318,5
2018-12-31 12:00:00,15,11,0.0,8.7,1,1,36,02:37 AM,02:03 PM,08:17 AM,05:32 PM,-1,17,17,17,7,3,31,0.0,1029,15,10,236,6
2018-12-31 15:00:00,15,11,0.0,8.7,1,1,36,02:37 AM,02:03 PM,08:17 AM,05:32 PM,3,18,18,18,9,2,35,0.0,1028,15,10,238,8
2018-12-31 18:00:00,15,11,0.0,8.7,1,1,36,02:37 AM,02:03 PM,08:17 AM,05:32 PM,2,16,16,16,14,2,41,0.0,1029,14,10,283,10
2018-12-31 21:00:00,15,11,0.0,8.7,1,1,36,02:37 AM,02:03 PM,08:17 AM,05:32 PM,2,14,15,14,15,2,42,0.0,1029,13,10,313,10
2019-01-01 00:00:00,19,15,0.0,8.7,1,1,26,03:42 AM,02:34 PM,08:17 AM,05:32 PM,3,16,16,16,8,1,41,0.0,1030,16,10,334,6
2019-01-01 03:00:00,19,15,0.0,8.7,1,1,26,03:42 AM,02:34 PM,08:17 AM,05:32 PM,3,16,16,16,7,0,44,0.0,1029,16,10,126,6
2019-01-01 06:00:00,19,15,0.0,8.7,1,1,26,03:42 AM,02:34 PM,08:17 AM,05:32 PM,5,15,15,15,7,0,51,0.0,1029,15,10,30,6
2019-01-01 09:00:00,19,15,0.0,8.7,1,1,26,03:42 AM,02:34 PM,08:17 AM,05:32 PM,6,15,15,15,8,0,56,0.0,1030,15,10,31,6
2019-01-01 12:00:00,19,15,0.0,8.7,1,1,26,03:42 AM,02:34 PM,08:17 AM,05:32 PM,8,17,17,17,8,0,56,0.0,1030,17,10,69,6
2019-01-01 15:00:00,19,15,0.0,8.7,1,1,26,03:42 AM,02:34 PM,08:17 AM,05:32 PM,9,18,18,18,7,1,56,0.0,1030,18,10,107,6
2019-01-01 18:00:00,19,15,0.0,8.7,1,1,26,03:42 AM,02:34 PM,08:17 AM,05:32 PM,11,19,19,19,5,0,63,0.0,1029,19,10,117,4
2019-01-01 21:00:00,19,15,0.0,8.7,1,1,26,03:42 AM,02:34 PM,08:17 AM,05:32 PM,10,17,17,17,5,0,64,0.0,1029,17,10,254,5
2019-01-02 00:00:00,18,12,0.0,8.7,1,1,19,04:45 AM,03:08 PM,08:17 AM,05:33 PM,7,15,15,15,8,0,60,0.0,1029,15,10,319,7
2019-01-02 03:00:00,18,12,0.0,8.7,1,1,19,04:45 AM,03:08 PM,08:17 AM,05:33 PM,3,12,13,12,12,0,53,0.0,1028,13,10,319,10
2019-01-02 06:00:00,18,12,0.0,8.7,1,1,19,04:45 AM,03:08 PM,08:17 AM,05:33 PM,2,11,12,11,11,0,51,0.0,1027,12,10,344,10
2019-01-02 09:00:00,18,12,0.0,8.7,1,1,19,04:45 AM,03:08 PM,08:17 AM,05:33 PM,2,11,12,11,9,0,51,0.0,1027,12,10,352,8
2019-01-02 12:00:00,18,12,0.0,8.7,1,1,19,04:45 AM,03:08 PM,08:17 AM,05:33 PM,3,15,15,15,6,0,45,0.0,1027,15,10,338,5
2019-01-02 15:00:00,18,12,0.0,8.7,1,1,19,04:45 AM,03:08 PM,08:17 AM,05:33 PM,3,17,17,17,7,0,39,0.0,1027,17,10,294,6
2019-01-02 18:00:00,18,12,0.0,8.7,1,1,19,04:45 AM,03:08 PM,08:17 AM,05:33 PM,4,17,17,17,9,0,44,0.0,1028,17,10,292,8
2019-01-02 21:00:00,18,12,0.0,8.7,1,1,19,04:45 AM,03:08 PM,08:17 AM,05:33 PM,3,13,14,13,10,8,50,0.0,1029,14,10,307,7
2019-01-03 00:00:00,15,12,0.0,8.7,1,1,11,05:47 AM,03:46 PM,08:17 AM,05:34 PM,2,11,12,11,9,14,49,0.0,1029,12,10,323,6
2019-01-03 03:00:00,15,12,0.0,8.7,1,1,11,05:47 AM,03:46 PM,08:17 AM,05:34 PM,-3,11,11,11,9,9,38,0.0,1029,11,10,344,6
2019-01-03 06:00:00,15,12,0.0,8.7,1,1,11,05:47 AM,03:46 PM,08:17 AM,05:34 PM,-4,11,12,11,9,2,32,0.0,1030,12,10,348,8
2019-01-03 09:00:00,15,12,0.0,8.7,1,1,11,05:47 AM,03:46 PM,08:17 AM,05:34 PM,-4,11,12,11,9,0,33,0.0,1030,12,10,344,8
2019-01-03 12:00:00,15,12,0.0,8.7,1,1,11,05:47 AM,03:46 PM,08:17 AM,05:34 PM,0,14,14,14,8,1,39,0.0,1030,14,10,276,7
2019-01-03 15:00:00,15,12,0.0,8.7,1,1,11,05:47 AM,03:46 PM,08:17 AM,05:34 PM,3,14,14,14,11,3,46,0.0,1029,14,10,233,10
2019-01-03 18:00:00,15,12,0.0,8.7,1,1,11,05:47 AM,03:46 PM,08:17 AM,05:34 PM,3,13,13,13,8,7,49,0.0,1029,13,10,262,7
2019-01-03 21:00:00,15,12,0.0,8.7,1,1,11,05:47 AM,03:46 PM,08:17 AM,05:34 PM,4,11,13,11,7,3,53,0.0,1029,10,10,325,6
2019-01-04 00:00:00,12,8,0.0,6.9,1,1,4,06:45 AM,04:28 PM,08:17 AM,05:35 PM,5,12,13,12,8,0,57,0.0,1029,12,10,119,7
2019-01-04 03:00:00,12,8,0.0,6.9,1,1,4,06:45 AM,04:28 PM,08:17 AM,05:35 PM,2,10,10,10,10,34,57,0.0,1029,10,10,237,7
2019-01-04 06:00:00,12,8,0.0,6.9,1,1,4,06:45 AM,04:28 PM,08:17 AM,05:35 PM,-0,7,9,7,12,74,54,0.0,1029,9,10,348,8
2019-01-04 09:00:00,12,8,0.0,6.9,1,1,4,06:45 AM,04:28 PM,08:17 AM,05:35 PM,-1,8,9,8,11,37,49,0.0,1030,9,10,121,8
2019-01-04 12:00:00,12,8,0.0,6.9,1,1,4,06:45 AM,04:28 PM,08:17 AM,05:35 PM,1,10,11,10,9,25,48,0.0,1030,11,10,68,8
2019-01-04 15:00:00,12,8,0.0,6.9,1,1,4,06:45 AM,04:28 PM,08:17 AM,05:35 PM,2,11,12,11,11,67,49,0.0,1031,12,10,101,9
2019-01-04 18:00:00,12,8,0.0,6.9,1,1,4,06:45 AM,04:28 PM,08:17 AM,05:35 PM,1,10,12,10,13,32,49,0.0,1032,12,10,82,11
2019-01-04 21:00:00,12,8,0.0,6.9,1,1,4,06:45 AM,04:28 PM,08:17 AM,05:35 PM,1,11,11,11,8,6,49,0.0,1033,11,10,38,7
2019-01-05 00:00:00,16,8,0.0,8.7,1,1,0,07:41 AM,05:16 PM,08:17 AM,05:36 PM,3,10,10,10,8,8,59,0.0,1033,10,10,201,6
2019-01-05 03:00:00,16,8,0.0,8.7,1,1,0,07:41 AM,05:16 PM,08:17 AM,05:36 PM,4,8,9,8,13,14,72,0.0,1032,9,10,293,10
2019-01-05 06:00:00,16,8,0.0,8.7,1,1,0,07:41 AM,05:16 PM,08:17 AM,05:36 PM,2,6,8,6,16,26,66,0.0,1031,8,10,298,11
2019-01-05 09:00:00,16,8,0.0,8.7,1,1,0,07:41 AM,05:16 PM,08:17 AM,05:36 PM,-2,6,8,6,17,16,50,0.0,1031,8,10,302,12
2019-01-05 12:00:00,16,8,0.0,8.7,1,1,0,07:41 AM,05:16 PM,08:17 AM,05:36 PM,-3,12,12,12,12,3,35,0.0,1030,12,10,294,10
2019-01-05 15:00:00,16,8,0.0,8.7,1,1,0,07:41 AM,05:16 PM,08:17 AM,05:36 PM,-1,15,16,15,8,2,32,0.0,1028,16,10,263,6
2019-01-05 18:00:00,16,8,0.0,8.7,1,1,0,07:41 AM,05:16 PM,08:17 AM,05:36 PM,-0,15,15,15,7,4,36,0.0,1028,15,10,285,6
2019-01-05 21:00:00,16,8,0.0,8.7,1,1,0,07:41 AM,05:16 PM,08:17 AM,05:36 PM,-0,14,14,14,9,1,37,0.0,1029,14,10,313,8
2019-01-06 00:00:00,19,11,0.0,8.7,1,1,0,08:30 AM,06:07 PM,08:17 AM,05:37 PM,-2,13,14,13,9,0,35,0.0,1029,14,10,328,8
2019-01-06 03:00:00,19,11,0.0,8.7,1,1,0,08:30 AM,06:07 PM,08:17 AM,05:37 PM,-2,13,13,13,14,0,34,0.0,1028,13,10,326,10
2019-01-06 06:00:00,19,11,0.0,8.7,1,1,0,08:30 AM,06:07 PM,08:17 AM,05:37 PM,-2,10,12,10,22,7,38,0.0,1027,12,10,320,12
2019-01-06 09:00:00,19,11,0.0,8.7,1,1,0,08:30 AM,06:07 PM,08:17 AM,05:37 PM,-2,10,12,10,21,4,39,0.0,1028,12,10,322,13
2019-01-06 12:00:00,19,11,0.0,8.7,1,1,0,08:30 AM,06:07 PM,08:17 AM,05:37 PM,-0,15,16,15,13,1,34,0.0,1027,16,10,321,10
2019-01-06 15:00:00,19,11,0.0,8.7,1,1,0,08:30 AM,06:07 PM,08:17 AM,05:37 PM,3,18,18,18,5,2,37,0.0,1027,18,10,303,5
2019-01-06 18:00:00,19,11,0.0,8.7,1,1,0,08:30 AM,06:07 PM,08:17 AM,05:37 PM,4,16,16,16,3,4,44,0.0,1027,16,10,137,2
2019-01-06 21:00:00,19,11,0.0,8.7,1,1,0,08:30 AM,06:07 PM,08:17 AM,05:37 PM,3,14,14,14,6,6,46,0.0,1028,14,10,226,4
2019-01-07 00:00:00,18,10,0.0,8.7,1,1,3,09:14 AM,07:01 PM,08:17 AM,05:38 PM,0,11,12,11,12,8,43,0.0,1029,12,10,329,8
2019-01-07 03:00:00,18,10,0.0,8.7,1,1,3,09:14 AM,07:01 PM,08:17 AM,05:38 PM,-3,10,11,10,15,31,39,0.0,1028,11,10,352,9
2019-01-07 06:00:00,18,10,0.0,8.7,1,1,3,09:14 AM,07:01 PM,08:17 AM,05:38 PM,-4,9,10,9,14,63,37,0.0,1028,10,10,345,8
2019-01-07 09:00:00,18,10,0.0,8.7,1,1,3,09:14 AM,07:01 PM,08:17 AM,05:38 PM,-4,10,10,10,13,53,37,0.0,1029,10,10,343,8
2019-01-07 12:00:00,18,10,0.0,8.7,1,1,3,09:14 AM,07:01 PM,08:17 AM,05:38 PM,-1,13,13,13,7,20,38,0.0,1029,13,10,315,5
2019-01-07 15:00:00,18,10,0.0,8.7,1,1,3,09:14 AM,07:01 PM,08:17 AM,05:38 PM,3,17,17,17,4,3,38,0.0,1029,17,10,241,4
2019-01-07 18:00:00,18,10,0.0,8.7,1,1,3,09:14 AM,07:01 PM,08:17 AM,05:38 PM,6,17,17,17,4,0,46,0.0,1030,17,10,134,3
2019-01-07 21:00:00,18,10,0.0,8.7,1,1,3,09:14 AM,07:01 PM,08:17 AM,05:38 PM,6,16,16,16,3,0,55,0.0,1031,16,10,55,3
2019-01-08 00:00:00,13,8,0.0,8.7,1,1,10,09:53 AM,07:58 PM,08:17 AM,05:39 PM,3,12,12,12,6,9,56,0.0,1031,12,10,231,4
2019-01-08 03:00:00,13,8,0.0,8.7,1,1,10,09:53 AM,07:58 PM,08:17 AM,05:39 PM,-0,8,9,8,12,12,51,0.0,1030,9,10,325,8
2019-01-08 06:00:00,13,8,0.0,8.7,1,1,10,09:53 AM,07:58 PM,08:17 AM,05:39 PM,-3,7,8,7,13,6,46,0.0,1029,8,10,323,9
2019-01-08 09:00:00,13,8,0.0,8.7,1,1,10,09:53 AM,07:58 PM,08:17 AM,05:39 PM,-4,7,8,7,12,8,42,0.0,1029,8,10,330,9
2019-01-08 12:00:00,13,8,0.0,8.7,1,1,10,09:53 AM,07:58 PM,08:17 AM,05:39 PM,-4,11,11,11,7,9,34,0.0,1028,11,10,313,6
2019-01-08 15:00:00,13,8,0.0,8.7,1,1,10,09:53 AM,07:58 PM,08:17 AM,05:39 PM,-4,13,13,13,7,17,32,0.0,1026,13,10,271,6
2019-01-08 18:00:00,13,8,0.0,8.7,1,1,10,09:53 AM,07:58 PM,08:17 AM,05:39 PM,-3,12,12,12,6,39,35,0.0,1025,12,10,317,5
2019-01-08 21:00:00,13,8,0.0,8.7,1,1,10,09:53 AM,07:58 PM,08:17 AM,05:39 PM,-3,11,11,11,8,47,39,0.0,1024,11,10,349,5
2019-01-09 00:00:00,15,11,0.0,8.7,1,1,18,10:26 AM,08:56 PM,08:17 AM,05:40 PM,-1,10,10,10,9,21,44,0.0,1023,10,10,333,6
2019-01-09 03:00:00,15,11,0.0,8.7,1,1,18,10:26 AM,08:56 PM,08:17 AM,05:40 PM,1,11,11,11,8,3,51,0.0,1021,11,10,312,7
2019-01-09 06:00:00,15,11,0.0,8.7,1,1,18,10:26 AM,08:56 PM,08:17 AM,05:40 PM,2,11,11,11,6,1,54,0.0,1019,11,10,321,6
2019-01-09 09:00:00,15,11,0.0,8.7,1,1,18,10:26 AM,08:56 PM,08:17 AM,05:40 PM,2,11,11,11,6,0,53,0.0,1019,11,10,318,5
2019-01-09 12:00:00,15,11,0.0,8.7,1,1,18,10:26 AM,08:56 PM,08:17 AM,05:40 PM,3,14,14,14,4,0,46,0.0,1017,14,10,206,4
2019-01-09 15:00:00,15,11,0.0,8.7,1,1,18,10:26 AM,08:56 PM,08:17 AM,05:40 PM,3,12,13,12,11,6,50,0.0,1015,13,10,138,9
2019-01-09 18:00:00,15,11,0.0,8.7,1,1,18,10:26 AM,08:56 PM,08:17 AM,05:40 PM,5,10,11,10,17,17,65,0.0,1015,11,10,141,13
2019-01-09 21:00:00,15,11,0.0,8.7,1,1,18,10:26 AM,08:56 PM,08:17 AM,05:40 PM,6,10,11,10,11,54,71,0.2,1017,11,10,120,8
2019-01-10 00:00:00,14,8,0.0,8.7,1,1,25,10:57 AM,09:54 PM,08:17 AM,05:41 PM,5,9,10,9,11,40,70,0.1,1018,10,10,62,8
2019-01-10 03:00:00,14,8,0.0,8.7,1,1,25,10:57 AM,09:54 PM,08:17 AM,05:41 PM,-2,8,10,8,14,9,46,0.0,1017,10,10,241,12
2019-01-10 06:00:00,14,8,0.0,8.7,1,1,25,10:57 AM,09:54 PM,08:17 AM,05:41 PM,-7,7,9,7,15,0,33,0.0,1017,9,10,322,13
2019-01-10 09:00:00,14,8,0.0,8.7,1,1,25,10:57 AM,09:54 PM,08:17 AM,05:41 PM,-8,5,8,5,22,0,32,0.0,1018,8,10,313,17
2019-01-10 12:00:00,14,8,0.0,8.7,1,1,25,10:57 AM,09:54 PM,08:17 AM,05:41 PM,-10,7,10,7,21,2,24,0.0,1019,10,10,332,17
2019-01-10 15:00:00,14,8,0.0,8.7,1,1,25,10:57 AM,09:54 PM,08:17 AM,05:41 PM,-9,12,13,12,13,2,21,0.0,1019,13,10,177,11
2019-01-10 18:00:00,14,8,0.0,8.7,1,1,25,10:57 AM,09:54 PM,08:17 AM,05:41 PM,-6,12,12,12,9,2,27,0.0,1020,12,10,104,8
2019-01-10 21:00:00,14,8,0.0,8.7,1,1,25,10:57 AM,09:54 PM,08:17 AM,05:41 PM,-5,9,11,9,6,1,30,0.0,1022,9,10,258,6
2019-01-11 00:00:00,11,6,0.0,8.7,1,1,32,11:25 AM,10:52 PM,08:16 AM,05:42 PM,-5,8,10,8,9,0,34,0.0,1023,9,10,338,8
2019-01-11 03:00:00,11,6,0.0,8.7,1,1,32,11:25 AM,10:52 PM,08:16 AM,05:42 PM,-5,7,9,7,12,1,37,0.0,1023,9,10,344,10
2019-01-11 06:00:00,11,6,0.0,8.7,1,1,32,11:25 AM,10:52 PM,08:16 AM,05:42 PM,-6,5,7,5,13,1,38,0.0,1023,7,10,334,11
2019-01-11 09:00:00,11,6,0.0,8.7,1,1,32,11:25 AM,10:52 PM,08:16 AM,05:42 PM,-7,4,6,4,12,4,38,0.0,1024,6,10,328,10
2019-01-11 12:00:00,11,6,0.0,8.7,1,1,32,11:25 AM,10:52 PM,08:16 AM,05:42 PM,-7,8,9,8,8,5,33,0.0,1025,9,10,303,7
2019-01-11 15:00:00,11,6,0.0,8.7,1,1,32,11:25 AM,10:52 PM,08:16 AM,05:42 PM,-7,10,10,10,6,6,30,0.0,1025,10,10,236,6
2019-01-11 18:00:00,11,6,0.0,8.7,1,1,32,11:25 AM,10:52 PM,08:16 AM,05:42 PM,-5,10,10,10,6,7,33,0.0,1026,10,10,239,5
2019-01-11 21:00:00,11,6,0.0,8.7,1,1,32,11:25 AM,10:52 PM,08:16 AM,05:42 PM,-5,7,8,7,9,8,37,0.0,1027,8,10,302,7
2019-01-12 00:00:00,14,6,0.0,8.7,1,1,39,11:52 AM,11:51 PM,08:16 AM,05:43 PM,-6,5,7,5,13,13,39,0.0,1028,7,10,323,9
2019-01-12 03:00:00,14,6,0.0,8.7,1,1,39,11:52 AM,11:51 PM,08:16 AM,05:43 PM,-6,5,7,5,15,11,39,0.0,1028,7,10,315,10
2019-01-12 06:00:00,14,6,0.0,8.7,1,1,39,11:52 AM,11:51 PM,08:16 AM,05:43 PM,-6,4,6,4,15,8,42,0.0,1028,6,10,310,10
2019-01-12 09:00:00,14,6,0.0,8.7,1,1,39,11:52 AM,11:51 PM,08:16 AM,05:43 PM,-4,5,7,5,13,5,45,0.0,1028,7,10,316,10
2019-01-12 12:00:00,14,6,0.0,8.7,1,1,39,11:52 AM,11:51 PM,08:16 AM,05:43 PM,-3,9,10,9,8,4,41,0.0,1028,10,10,308,7
2019-01-12 15:00:00,14,6,0.0,8.7,1,1,39,11:52 AM,11:51 PM,08:16 AM,05:43 PM,-1,13,13,13,6,3,38,0.0,1027,13,10,266,5
2019-01-12 18:00:00,14,6,0.0,8.7,1,1,39,11:52 AM,11:51 PM,08:16 AM,05:43 PM,2,11,14,11,5,1,43,0.0,1027,11,10,300,4
2019-01-12 21:00:00,14,6,0.0,8.7,1,1,39,11:52 AM,11:51 PM,08:16 AM,05:43 PM,3,7,11,7,6,0,49,0.0,1027,7,10,339,6
2019-01-13 00:00:00,14,6,0.0,8.7,1,1,47,12:17 PM,No moonset,08:16 AM,05:44 PM,1,7,9,7,9,5,53,0.0,1027,8,10,342,7
2019-01-13 03:00:00,14,6,0.0,8.7,1,1,47,12:17 PM,No moonset,08:16 AM,05:44 PM,-0,6,8,6,14,6,57,0.0,1026,8,10,340,10
2019-01-13 06:00:00,14,6,0.0,8.7,1,1,47,12:17 PM,No moonset,08:16 AM,05:44 PM,-1,5,7,5,14,8,59,0.0,1025,7,10,336,10
2019-01-13 09:00:00,14,6,0.0,8.7,1,1,47,12:17 PM,No moonset,08:16 AM,05:44 PM,-2,5,7,5,13,9,54,0.0,1025,7,10,309,9
2019-01-13 12:00:00,14,6,0.0,8.7,1,1,47,12:17 PM,No moonset,08:16 AM,05:44 PM,-1,9,10,9,12,9,45,0.0,1024,10,10,287,10
2019-01-13 15:00:00,14,6,0.0,8.7,1,1,47,12:17 PM,No moonset,08:16 AM,05:44 PM,1,12,13,12,12,10,44,0.0,1023,13,10,277,10
2019-01-13 18:00:00,14,6,0.0,8.7,1,1,47,12:17 PM,No moonset,08:16 AM,05:44 PM,3,12,13,12,12,9,50,0.0,1022,13,10,292,9
2019-01-13 21:00:00,14,6,0.0,8.7,1,1,47,12:17 PM,No moonset,08:16 AM,05:44 PM,3,12,12,12,12,5,53,0.0,1022,12,10,318,8
2019-01-14 00:00:00,17,10,0.0,8.7,1,1,54,12:44 PM,12:51 AM,08:15 AM,05:45 PM,3,11,11,11,12,4,58,0.0,1021,11,10,334,8
2019-01-14 03:00:00,17,10,0.0,8.7,1,1,54,12:44 PM,12:51 AM,08:15 AM,05:45 PM,4,9,10,9,15,5,63,0.0,1019,10,10,320,9
2019-01-14 06:00:00,17,10,0.0,8.7,1,1,54,12:44 PM,12:51 AM,08:15 AM,05:45 PM,4,9,10,9,15,7,65,0.0,1019,10,10,326,9
2019-01-14 09:00:00,17,10,0.0,8.7,1,1,54,12:44 PM,12:51 AM,08:15 AM,05:45 PM,3,10,10,10,13,51,62,0.0,1019,10,10,345,8
2019-01-14 12:00:00,17,10,0.0,8.7,1,1,54,12:44 PM,12:51 AM,08:15 AM,05:45 PM,4,13,13,13,5,33,56,0.0,1019,13,10,343,3
2019-01-14 15:00:00,17,10,0.0,8.7,1,1,54,12:44 PM,12:51 AM,08:15 AM,05:45 PM,8,16,16,16,5,6,59,0.0,1019,16,10,224,5
2019-01-14 18:00:00,17,10,0.0,8.7,1,1,54,12:44 PM,12:51 AM,08:15 AM,05:45 PM,12,17,17,17,4,1,71,0.0,1020,17,10,124,4
2019-01-14 21:00:00,17,10,0.0,8.7,1,1,54,12:44 PM,12:51 AM,08:15 AM,05:45 PM,11,15,15,15,6,0,77,0.0,1021,15,10,46,6
2019-01-15 00:00:00,15,11,0.0,8.7,1,1,61,01:14 PM,01:53 AM,08:15 AM,05:46 PM,11,14,14,14,8,0,81,0.0,1022,14,10,21,7
2019-01-15 03:00:00,15,11,0.0,8.7,1,1,61,01:14 PM,01:53 AM,08:15 AM,05:46 PM,8,13,13,13,8,0,70,0.0,1022,13,10,233,7
2019-01-15 06:00:00,15,11,0.0,8.7,1,1,61,01:14 PM,01:53 AM,08:15 AM,05:46 PM,4,11,12,11,8,0,61,0.0,1022,12,10,333,6
2019-01-15 09:00:00,15,11,0.0,8.7,1,1,61,01:14 PM,01:53 AM,08:15 AM,05:46 PM,3,11,12,11,8,1,56,0.0,1022,12,10,338,6
2019-01-15 12:00:00,15,11,0.0,8.7,1,1,61,01:14 PM,01:53 AM,08:15 AM,05:46 PM,4,13,13,13,4,4,54,0.0,1022,13,10,292,3
2019-01-15 15:00:00,15,11,0.0,8.7,1,1,61,01:14 PM,01:53 AM,08:15 AM,05:46 PM,6,15,15,15,6,6,58,0.0,1021,15,10,233,5
2019-01-15 18:00:00,15,11,0.0,8.7,1,1,61,01:14 PM,01:53 AM,08:15 AM,05:46 PM,8,13,13,13,9,8,69,0.0,1021,13,10,222,7
2019-01-15 21:00:00,15,11,0.0,8.7,1,1,61,01:14 PM,01:53 AM,08:15 AM,05:46 PM,8,12,12,12,9,8,74,0.0,1021,12,10,259,6
2019-01-16 00:00:00,14,10,0.0,8.7,1,1,69,01:47 PM,02:57 AM,08:15 AM,05:48 PM,7,11,11,11,10,10,74,0.0,1021,11,10,281,7
2019-01-16 03:00:00,14,10,0.0,8.7,1,1,69,01:47 PM,02:57 AM,08:15 AM,05:48 PM,6,9,10,9,14,12,75,0.0,1019,10,10,277,9
2019-01-16 06:00:00,14,10,0.0,8.7,1,1,69,01:47 PM,02:57 AM,08:15 AM,05:48 PM,6,9,10,9,15,12,78,0.0,1018,10,10,273,9
2019-01-16 09:00:00,14,10,0.0,8.7,1,1,69,01:47 PM,02:57 AM,08:15 AM,05:48 PM,7,10,11,10,13,25,77,0.0,1018,11,10,270,8
2019-01-16 12:00:00,14,10,0.0,8.7,1,1,69,01:47 PM,02:57 AM,08:15 AM,05:48 PM,8,12,13,12,17,46,74,0.0,1017,13,10,243,13
2019-01-16 15:00:00,14,10,0.0,8.7,1,1,69,01:47 PM,02:57 AM,08:15 AM,05:48 PM,9,12,14,12,23,44,73,0.0,1016,14,10,226,17
2019-01-16 18:00:00,14,10,0.0,8.7,1,1,69,01:47 PM,02:57 AM,08:15 AM,05:48 PM,10,11,13,11,21,42,81,0.0,1016,13,10,224,14
2019-01-16 21:00:00,14,10,0.0,8.7,1,1,69,01:47 PM,02:57 AM,08:15 AM,05:48 PM,10,11,12,11,16,51,86,0.0,1017,12,10,229,10
2019-01-17 00:00:00,13,10,0.0,8.7,1,1,76,02:25 PM,04:04 AM,08:14 AM,05:49 PM,10,11,12,11,9,63,88,0.1,1017,12,10,244,5
2019-01-17 03:00:00,13,10,0.0,8.7,1,1,76,02:25 PM,04:04 AM,08:14 AM,05:49 PM,9,10,11,10,9,79,87,0.1,1016,11,10,276,6
2019-01-17 06:00:00,13,10,0.0,8.7,1,1,76,02:25 PM,04:04 AM,08:14 AM,05:49 PM,8,9,10,9,13,80,85,0.1,1016,10,10,320,8
2019-01-17 09:00:00,13,10,0.0,8.7,1,1,76,02:25 PM,04:04 AM,08:14 AM,05:49 PM,6,9,10,9,14,32,76,0.0,1016,10,10,114,10
2019-01-17 12:00:00,13,10,0.0,8.7,1,1,76,02:25 PM,04:04 AM,08:14 AM,05:49 PM,6,11,12,11,12,13,66,0.0,1016,12,10,53,9
2019-01-17 15:00:00,13,10,0.0,8.7,1,1,76,02:25 PM,04:04 AM,08:14 AM,05:49 PM,6,12,13,12,14,19,62,0.0,1015,13,10,96,11
2019-01-17 18:00:00,13,10,0.0,8.7,1,1,76,02:25 PM,04:04 AM,08:14 AM,05:49 PM,6,11,12,11,14,38,66,0.0,1016,12,10,103,10
2019-01-17 21:00:00,13,10,0.0,8.7,1,1,76,02:25 PM,04:04 AM,08:14 AM,05:49 PM,6,11,11,11,5,66,69,0.1,1017,11,10,190,4
2019-01-18 00:00:00,12,9,0.0,5.2,1,1,83,03:11 PM,05:13 AM,08:14 AM,05:50 PM,6,10,10,10,8,80,77,0.6,1018,10,10,234,5
2019-01-18 03:00:00,12,9,0.0,5.2,1,1,83,03:11 PM,05:13 AM,08:14 AM,05:50 PM,7,9,10,9,12,94,82,2.2,1019,10,8,224,8
2019-01-18 06:00:00,12,9,0.0,5.2,1,1,83,03:11 PM,05:13 AM,08:14 AM,05:50 PM,6,8,9,8,13,99,78,3.7,1019,9,7,229,8
2019-01-18 09:00:00,12,9,0.0,5.2,1,1,83,03:11 PM,05:13 AM,08:14 AM,05:50 PM,4,9,9,9,7,70,71,1.5,1019,9,9,228,5
2019-01-18 12:00:00,12,9,0.0,5.2,1,1,83,03:11 PM,05:13 AM,08:14 AM,05:50 PM,4,10,10,10,8,77,64,0.1,1018,10,10,201,6
2019-01-18 15:00:00,12,9,0.0,5.2,1,1,83,03:11 PM,05:13 AM,08:14 AM,05:50 PM,4,11,12,11,9,35,58,0.0,1017,12,10,208,7
2019-01-18 18:00:00,12,9,0.0,5.2,1,1,83,03:11 PM,05:13 AM,08:14 AM,05:50 PM,3,11,11,11,9,62,56,0.0,1017,11,10,256,7
2019-01-18 21:00:00,12,9,0.0,5.2,1,1,83,03:11 PM,05:13 AM,08:14 AM,05:50 PM,2,10,10,10,8,81,58,0.0,1017,10,10,308,6
2019-01-19 00:00:00,11,8,0.0,8.7,1,1,90,04:06 PM,06:21 AM,08:13 AM,05:51 PM,2,9,9,9,9,84,62,0.0,1017,9,10,337,6
2019-01-19 03:00:00,11,8,0.0,8.7,1,1,90,04:06 PM,06:21 AM,08:13 AM,05:51 PM,2,7,8,7,11,67,67,0.0,1016,8,10,119,8
2019-01-19 06:00:00,11,8,0.0,8.7,1,1,90,04:06 PM,06:21 AM,08:13 AM,05:51 PM,2,6,8,6,11,40,69,0.0,1016,8,10,10,8
2019-01-19 09:00:00,11,8,0.0,8.7,1,1,90,04:06 PM,06:21 AM,08:13 AM,05:51 PM,2,7,8,7,9,32,66,0.0,1016,8,10,234,7
2019-01-19 12:00:00,11,8,0.0,8.7,1,1,90,04:06 PM,06:21 AM,08:13 AM,05:51 PM,3,10,10,10,5,17,61,0.0,1016,10,10,269,4
2019-01-19 15:00:00,11,8,0.0,8.7,1,1,90,04:06 PM,06:21 AM,08:13 AM,05:51 PM,3,11,11,11,8,10,58,0.0,1014,11,10,209,7
2019-01-19 18:00:00,11,8,0.0,8.7,1,1,90,04:06 PM,06:21 AM,08:13 AM,05:51 PM,4,10,11,10,10,11,62,0.0,1013,11,10,202,9
2019-01-19 21:00:00,11,8,0.0,8.7,1,1,90,04:06 PM,06:21 AM,08:13 AM,05:51 PM,4,9,10,9,9,56,65,0.0,1013,10,10,224,7
2019-01-20 00:00:00,9,9,0.0,3.5,1,1,98,05:11 PM,07:25 AM,08:13 AM,05:52 PM,3,9,10,9,5,82,65,0.0,1013,10,10,263,4
2019-01-20 03:00:00,9,9,0.0,3.5,1,1,98,05:11 PM,07:25 AM,08:13 AM,05:52 PM,5,10,10,10,3,95,74,1.2,1010,10,9,205,3
2019-01-20 06:00:00,9,9,0.0,3.5,1,1,98,05:11 PM,07:25 AM,08:13 AM,05:52 PM,6,8,9,8,8,100,83,1.8,1009,9,9,61,6
2019-01-20 09:00:00,9,9,0.0,3.5,1,1,98,05:11 PM,07:25 AM,08:13 AM,05:52 PM,6,7,9,7,17,100,85,3.4,1009,9,8,17,13
2019-01-20 12:00:00,9,9,0.0,3.5,1,1,98,05:11 PM,07:25 AM,08:13 AM,05:52 PM,4,5,9,5,31,100,75,5.9,1009,9,7,33,23
2019-01-20 15:00:00,9,9,0.0,3.5,1,1,98,05:11 PM,07:25 AM,08:13 AM,05:52 PM,3,6,9,6,33,86,66,3.6,1009,9,8,38,24
2019-01-20 18:00:00,9,9,0.0,3.5,1,1,98,05:11 PM,07:25 AM,08:13 AM,05:52 PM,3,7,9,7,29,74,63,2.7,1011,8,8,39,20
2019-01-20 21:00:00,9,9,0.0,3.5,1,1,98,05:11 PM,07:25 AM,08:13 AM,05:52 PM,2,6,8,6,30,29,61,1.0,1013,6,9,32,19
2019-01-21 00:00:00,11,8,0.0,8.7,1,1,100,06:22 PM,08:23 AM,08:12 AM,05:53 PM,2,5,8,5,28,24,64,0.0,1014,7,10,34,18
2019-01-21 03:00:00,11,8,0.0,8.7,1,1,100,06:22 PM,08:23 AM,08:12 AM,05:53 PM,2,6,8,6,17,21,65,0.0,1015,8,10,229,11
2019-01-21 06:00:00,11,8,0.0,8.7,1,1,100,06:22 PM,08:23 AM,08:12 AM,05:53 PM,2,7,8,7,11,16,66,0.0,1016,8,10,322,8
2019-01-21 09:00:00,11,8,0.0,8.7,1,1,100,06:22 PM,08:23 AM,08:12 AM,05:53 PM,2,7,8,7,10,18,64,0.0,1017,8,10,343,7
2019-01-21 12:00:00,11,8,0.0,8.7,1,1,100,06:22 PM,08:23 AM,08:12 AM,05:53 PM,2,10,10,10,6,56,56,0.1,1017,10,10,191,5
2019-01-21 15:00:00,11,8,0.0,8.7,1,1,100,06:22 PM,08:23 AM,08:12 AM,05:53 PM,3,11,11,11,9,38,55,0.0,1017,11,10,147,8
2019-01-21 18:00:00,11,8,0.0,8.7,1,1,100,06:22 PM,08:23 AM,08:12 AM,05:53 PM,4,9,11,9,11,20,63,0.0,1017,11,10,184,9
2019-01-21 21:00:00,11,8,0.0,8.7,1,1,100,06:22 PM,08:23 AM,08:12 AM,05:53 PM,5,9,10,9,12,65,70,1.5,1018,10,9,206,8
2019-01-22 00:00:00,10,7,0.0,8.7,1,1,88,07:38 PM,09:13 AM,08:11 AM,05:55 PM,5,10,11,10,5,81,70,2.5,1018,11,8,115,3
2019-01-22 03:00:00,10,7,0.0,8.7,1,1,88,07:38 PM,09:13 AM,08:11 AM,05:55 PM,3,8,9,8,7,45,65,0.9,1017,9,9,35,5
2019-01-22 06:00:00,10,7,0.0,8.7,1,1,88,07:38 PM,09:13 AM,08:11 AM,05:55 PM,-1,6,7,6,11,40,58,0.0,1016,7,10,8,8
2019-01-22 09:00:00,10,7,0.0,8.7,1,1,88,07:38 PM,09:13 AM,08:11 AM,05:55 PM,-3,5,7,5,13,53,49,0.0,1015,7,10,2,10
2019-01-22 12:00:00,10,7,0.0,8.7,1,1,88,07:38 PM,09:13 AM,08:11 AM,05:55 PM,-2,8,9,8,8,55,47,0.0,1013,9,10,3,6
2019-01-22 15:00:00,10,7,0.0,8.7,1,1,88,07:38 PM,09:13 AM,08:11 AM,05:55 PM,-2,9,10,9,9,54,43,0.0,1010,10,10,164,8
2019-01-22 18:00:00,10,7,0.0,8.7,1,1,88,07:38 PM,09:13 AM,08:11 AM,05:55 PM,-3,8,9,8,17,79,41,0.0,1007,9,10,273,13
2019-01-22 21:00:00,10,7,0.0,8.7,1,1,88,07:38 PM,09:13 AM,08:11 AM,05:55 PM,-2,7,9,7,15,85,45,0.1,1007,9,10,322,12
2019-01-23 00:00:00,12,6,0.0,5.3,1,1,81,08:54 PM,09:55 AM,08:11 AM,05:56 PM,-4,7,8,7,10,47,42,0.0,1006,8,10,352,8
2019-01-23 03:00:00,12,6,0.0,5.3,1,1,81,08:54 PM,09:55 AM,08:11 AM,05:56 PM,-3,5,7,5,13,24,50,0.0,1004,7,10,321,10
2019-01-23 06:00:00,12,6,0.0,5.3,1,1,81,08:54 PM,09:55 AM,08:11 AM,05:56 PM,-1,4,6,4,15,45,61,0.0,1001,6,10,303,11
2019-01-23 09:00:00,12,6,0.0,5.3,1,1,81,08:54 PM,09:55 AM,08:11 AM,05:56 PM,-0,4,6,4,15,86,62,0.0,998,6,10,310,11
2019-01-23 12:00:00,12,6,0.0,5.3,1,1,81,08:54 PM,09:55 AM,08:11 AM,05:56 PM,1,6,8,6,16,82,58,0.1,996,8,10,105,13
2019-01-23 15:00:00,12,6,0.0,5.3,1,1,81,08:54 PM,09:55 AM,08:11 AM,05:56 PM,1,9,11,9,15,59,51,0.0,996,11,10,5,12
2019-01-23 18:00:00,12,6,0.0,5.3,1,1,81,08:54 PM,09:55 AM,08:11 AM,05:56 PM,2,11,11,11,7,48,53,0.0,997,11,10,238,5
2019-01-23 21:00:00,12,6,0.0,5.3,1,1,81,08:54 PM,09:55 AM,08:11 AM,05:56 PM,-1,7,10,7,27,23,49,0.0,999,10,10,347,18
2019-01-24 00:00:00,14,7,0.0,8.7,1,1,73,10:07 PM,10:31 AM,08:10 AM,05:57 PM,-3,4,8,4,42,10,44,0.0,1000,8,10,337,29
2019-01-24 03:00:00,14,7,0.0,8.7,1,1,73,10:07 PM,10:31 AM,08:10 AM,05:57 PM,-8,3,7,3,45,3,35,0.0,1001,7,10,330,32
2019-01-24 06:00:00,14,7,0.0,8.7,1,1,73,10:07 PM,10:31 AM,08:10 AM,05:57 PM,-9,2,7,2,55,0,32,0.0,1002,7,10,332,40
2019-01-24 09:00:00,14,7,0.0,8.7,1,1,73,10:07 PM,10:31 AM,08:10 AM,05:57 PM,-8,3,8,3,57,0,30,0.0,1004,8,10,339,42
2019-01-24 12:00:00,14,7,0.0,8.7,1,1,73,10:07 PM,10:31 AM,08:10 AM,05:57 PM,-10,7,11,7,37,0,23,0.0,1005,11,10,347,31
2019-01-24 15:00:00,14,7,0.0,8.7,1,1,73,10:07 PM,10:31 AM,08:10 AM,05:57 PM,-11,12,13,12,17,3,18,0.0,1006,13,10,332,15
2019-01-24 18:00:00,14,7,0.0,8.7,1,1,73,10:07 PM,10:31 AM,08:10 AM,05:57 PM,-9,10,11,10,20,10,23,0.0,1008,11,10,314,14
2019-01-24 21:00:00,14,7,0.0,8.7,1,1,73,10:07 PM,10:31 AM,08:10 AM,05:57 PM,-9,5,8,5,32,10,29,0.0,1011,8,10,317,21
2019-01-25 00:00:00,13,7,0.0,8.7,1,1,66,11:19 PM,11:05 AM,08:09 AM,05:58 PM,-10,3,7,3,36,5,30,0.0,1013,7,10,323,23
2019-01-25 03:00:00,13,7,0.0,8.7,1,1,66,11:19 PM,11:05 AM,08:09 AM,05:58 PM,-9,4,7,4,26,1,31,0.0,1012,7,10,321,17
2019-01-25 06:00:00,13,7,0.0,8.7,1,1,66,11:19 PM,11:05 AM,08:09 AM,05:58 PM,-9,4,7,4,21,3,30,0.0,1012,7,10,325,14
2019-01-25 09:00:00,13,7,0.0,8.7,1,1,66,11:19 PM,11:05 AM,08:09 AM,05:58 PM,-9,6,8,6,13,7,31,0.0,1013,8,10,120,10
2019-01-25 12:00:00,13,7,0.0,8.7,1,1,66,11:19 PM,11:05 AM,08:09 AM,05:58 PM,-6,10,10,10,5,7,30,0.0,1013,10,10,97,4
2019-01-25 15:00:00,13,7,0.0,8.7,1,1,66,11:19 PM,11:05 AM,08:09 AM,05:58 PM,-4,13,13,13,5,7,32,0.0,1012,13,10,116,4
2019-01-25 18:00:00,13,7,0.0,8.7,1,1,66,11:19 PM,11:05 AM,08:09 AM,05:58 PM,-2,13,13,13,6,6,36,0.0,1013,13,10,78,5
2019-01-25 21:00:00,13,7,0.0,8.7,1,1,66,11:19 PM,11:05 AM,08:09 AM,05:58 PM,-1,12,12,12,7,5,41,0.0,1015,12,10,220,5
2019-01-26 00:00:00,14,9,0.0,8.7,1,1,59,No moonrise,11:36 AM,08:08 AM,05:59 PM,1,11,11,11,8,5,50,0.0,1017,11,10,310,6
2019-01-26 03:00:00,14,9,0.0,8.7,1,1,59,No moonrise,11:36 AM,08:08 AM,05:59 PM,3,11,11,11,9,2,56,0.0,1017,11,10,339,8
2019-01-26 06:00:00,14,9,0.0,8.7,1,1,59,No moonrise,11:36 AM,08:08 AM,05:59 PM,2,9,10,9,13,23,58,0.0,1018,10,10,347,8
2019-01-26 09:00:00,14,9,0.0,8.7,1,1,59,No moonrise,11:36 AM,08:08 AM,05:59 PM,1,9,10,9,10,23,56,0.0,1019,10,10,342,7
2019-01-26 12:00:00,14,9,0.0,8.7,1,1,59,No moonrise,11:36 AM,08:08 AM,05:59 PM,2,12,12,12,8,11,49,0.0,1018,12,10,256,6
2019-01-26 15:00:00,14,9,0.0,8.7,1,1,59,No moonrise,11:36 AM,08:08 AM,05:59 PM,3,14,14,14,10,12,49,0.0,1017,14,10,217,8
2019-01-26 18:00:00,14,9,0.0,8.7,1,1,59,No moonrise,11:36 AM,08:08 AM,05:59 PM,6,12,13,12,15,16,61,0.0,1015,13,10,229,10
2019-01-26 21:00:00,14,9,0.0,8.7,1,1,59,No moonrise,11:36 AM,08:08 AM,05:59 PM,7,10,12,10,19,58,74,0.0,1014,12,10,247,11
2019-01-27 00:00:00,15,9,0.0,9.9,1,1,51,12:27 AM,12:06 PM,08:08 AM,06:01 PM,7,9,11,9,18,74,79,0.0,1013,11,10,265,10
2019-01-27 03:00:00,15,9,0.0,9.9,1,1,51,12:27 AM,12:06 PM,08:08 AM,06:01 PM,5,9,10,9,15,72,73,0.0,1010,10,10,301,9
2019-01-27 06:00:00,15,9,0.0,9.9,1,1,51,12:27 AM,12:06 PM,08:08 AM,06:01 PM,4,8,9,8,13,80,71,0.0,1009,9,10,108,8
2019-01-27 09:00:00,15,9,0.0,9.9,1,1,51,12:27 AM,12:06 PM,08:08 AM,06:01 PM,5,9,10,9,9,31,71,0.0,1008,10,10,222,7
2019-01-27 12:00:00,15,9,0.0,9.9,1,1,51,12:27 AM,12:06 PM,08:08 AM,06:01 PM,3,11,12,11,19,8,53,0.0,1007,12,10,322,15
2019-01-27 15:00:00,15,9,0.0,9.9,1,1,51,12:27 AM,12:06 PM,08:08 AM,06:01 PM,2,13,14,13,26,19,42,0.0,1006,14,10,322,19
2019-01-27 18:00:00,15,9,0.0,9.9,1,1,51,12:27 AM,12:06 PM,08:08 AM,06:01 PM,0,11,13,11,32,13,41,0.0,1007,13,10,317,20
2019-01-27 21:00:00,15,9,0.0,9.9,1,1,51,12:27 AM,12:06 PM,08:08 AM,06:01 PM,-3,8,11,8,36,5,39,0.0,1009,11,10,303,22
2019-01-28 00:00:00,16,7,0.0,10.0,1,1,44,01:34 AM,12:37 PM,08:07 AM,06:02 PM,-3,6,10,6,39,13,41,0.0,1011,10,10,295,24
2019-01-28 03:00:00,16,7,0.0,10.0,1,1,44,01:34 AM,12:37 PM,08:07 AM,06:02 PM,-3,5,8,5,32,10,45,0.0,1011,8,10,311,20
2019-01-28 06:00:00,16,7,0.0,10.0,1,1,44,01:34 AM,12:37 PM,08:07 AM,06:02 PM,-2,4,7,4,26,5,52,0.0,1009,7,10,310,17
2019-01-28 09:00:00,16,7,0.0,10.0,1,1,44,01:34 AM,12:37 PM,08:07 AM,06:02 PM,0,5,9,5,32,30,56,0.0,1007,9,10,308,23
2019-01-28 12:00:00,16,7,0.0,10.0,1,1,44,01:34 AM,12:37 PM,08:07 AM,06:02 PM,1,10,13,10,49,20,45,0.0,1005,13,10,301,35
2019-01-28 15:00:00,16,7,0.0,10.0,1,1,44,01:34 AM,12:37 PM,08:07 AM,06:02 PM,0,15,16,15,46,7,36,0.0,1005,16,10,317,32
2019-01-28 18:00:00,16,7,0.0,10.0,1,1,44,01:34 AM,12:37 PM,08:07 AM,06:02 PM,1,13,14,13,30,6,41,0.0,1007,14,10,333,20
2019-01-28 21:00:00,16,7,0.0,10.0,1,1,44,01:34 AM,12:37 PM,08:07 AM,06:02 PM,1,10,12,10,21,6,47,0.0,1010,12,10,305,14
2019-01-29 00:00:00,11,8,0.0,5.0,1,1,37,02:38 AM,01:10 PM,08:06 AM,06:03 PM,1,10,11,10,14,5,51,0.0,1011,11,10,307,10
2019-01-29 03:00:00,11,8,0.0,5.0,1,1,37,02:38 AM,01:10 PM,08:06 AM,06:03 PM,3,10,10,10,8,3,59,0.0,1012,10,10,171,6
2019-01-29 06:00:00,11,8,0.0,5.0,1,1,37,02:38 AM,01:10 PM,08:06 AM,06:03 PM,3,9,9,9,5,18,65,0.0,1013,9,10,133,4
2019-01-29 09:00:00,11,8,0.0,5.0,1,1,37,02:38 AM,01:10 PM,08:06 AM,06:03 PM,2,9,9,9,4,75,63,0.0,1012,9,10,80,3
2019-01-29 12:00:00,11,8,0.0,5.0,1,1,37,02:38 AM,01:10 PM,08:06 AM,06:03 PM,4,10,10,10,6,100,65,0.0,1011,10,10,94,5
2019-01-29 15:00:00,11,8,0.0,5.0,1,1,37,02:38 AM,01:10 PM,08:06 AM,06:03 PM,4,10,11,10,10,85,62,0.1,1007,11,10,213,9
2019-01-29 18:00:00,11,8,0.0,5.0,1,1,37,02:38 AM,01:10 PM,08:06 AM,06:03 PM,4,9,11,9,21,82,60,0.1,1005,11,10,257,15
2019-01-29 21:00:00,11,8,0.0,5.0,1,1,37,02:38 AM,01:10 PM,08:06 AM,06:03 PM,4,7,10,7,33,28,65,0.0,1004,10,10,290,23
2019-01-30 00:00:00,14,8,0.0,10.0,1,1,30,03:41 AM,01:47 PM,08:05 AM,06:04 PM,2,6,9,6,39,3,63,0.0,1005,9,10,305,27
2019-01-30 03:00:00,14,8,0.0,10.0,1,1,30,03:41 AM,01:47 PM,08:05 AM,06:04 PM,1,5,9,5,45,3,58,0.0,1006,9,10,307,30
2019-01-30 06:00:00,14,8,0.0,10.0,1,1,30,03:41 AM,01:47 PM,08:05 AM,06:04 PM,0,4,8,4,44,2,57,0.0,1008,8,10,312,30
2019-01-30 09:00:00,14,8,0.0,10.0,1,1,30,03:41 AM,01:47 PM,08:05 AM,06:04 PM,0,5,9,5,30,3,56,0.0,1009,9,10,314,22
2019-01-30 12:00:00,14,8,0.0,10.0,1,1,30,03:41 AM,01:47 PM,08:05 AM,06:04 PM,0,9,11,9,18,4,47,0.0,1009,11,10,302,14
2019-01-30 15:00:00,14,8,0.0,10.0,1,1,30,03:41 AM,01:47 PM,08:05 AM,06:04 PM,0,12,13,12,22,6,41,0.0,1007,13,10,280,18
2019-01-30 18:00:00,14,8,0.0,10.0,1,1,30,03:41 AM,01:47 PM,08:05 AM,06:04 PM,-0,10,12,10,30,7,42,0.0,1006,12,10,274,22
2019-01-30 21:00:00,14,8,0.0,10.0,1,1,30,03:41 AM,01:47 PM,08:05 AM,06:04 PM,-0,9,11,9,28,45,44,0.0,1006,11,10,262,19
2019-01-31 00:00:00,16,9,0.0,10.0,1,1,26,04:40 AM,02:27 PM,08:04 AM,06:06 PM,1,10,11,10,18,82,49,0.0,1004,11,10,254,13
2019-01-31 03:00:00,16,9,0.0,10.0,1,1,26,04:40 AM,02:27 PM,08:04 AM,06:06 PM,0,9,10,9,14,58,49,0.0,1002,10,10,274,9
2019-01-31 06:00:00,16,9,0.0,10.0,1,1,26,04:40 AM,02:27 PM,08:04 AM,06:06 PM,1,8,9,8,15,47,54,0.0,1000,9,10,281,10
2019-01-31 09:00:00,16,9,0.0,10.0,1,1,26,04:40 AM,02:27 PM,08:04 AM,06:06 PM,3,8,10,8,17,50,61,0.0,999,10,10,276,12
2019-01-31 12:00:00,16,9,0.0,10.0,1,1,26,04:40 AM,02:27 PM,08:04 AM,06:06 PM,6,11,13,11,24,43,65,0.0,998,13,10,260,19
2019-01-31 15:00:00,16,9,0.0,10.0,1,1,26,04:40 AM,02:27 PM,08:04 AM,06:06 PM,8,15,15,15,32,29,61,0.0,996,15,10,257,23
2019-01-31 18:00:00,16,9,0.0,10.0,1,1,26,04:40 AM,02:27 PM,08:04 AM,06:06 PM,8,15,15,15,24,32,64,0.0,997,15,10,255,14
2019-01-31 21:00:00,16,9,0.0,10.0,1,1,26,04:40 AM,02:27 PM,08:04 AM,06:06 PM,9,13,14,13,24,31,70,0.0,997,14,10,246,13
2019-02-01 00:00:00,15,12,0.0,8.3,1,1,8,05:36 AM,03:13 PM,08:03 AM,06:07 PM,9,12,13,12,22,59,76,0.1,995,13,10,267,11
2019-02-01 03:00:00,15,12,0.0,8.3,1,1,8,05:36 AM,03:13 PM,08:03 AM,06:07 PM,9,11,12,11,31,73,81,0.2,994,12,7,251,17
2019-02-01 06:00:00,15,12,0.0,8.3,1,1,8,05:36 AM,03:13 PM,08:03 AM,06:07 PM,10,10,12,10,39,76,86,1.4,992,12,8,232,23
2019-02-01 09:00:00,15,12,0.0,8.3,1,1,8,05:36 AM,03:13 PM,08:03 AM,06:07 PM,10,11,13,11,35,64,84,1.3,991,13,9,246,21
2019-02-01 12:00:00,15,12,0.0,8.3,1,1,8,05:36 AM,03:13 PM,08:03 AM,06:07 PM,6,12,14,12,34,70,62,0.8,991,14,9,268,22
2019-02-01 15:00:00,15,12,0.0,8.3,1,1,8,05:36 AM,03:13 PM,08:03 AM,06:07 PM,2,12,14,12,37,32,43,0.2,990,14,10,274,26
2019-02-01 18:00:00,15,12,0.0,8.3,1,1,8,05:36 AM,03:13 PM,08:03 AM,06:07 PM,2,12,13,12,27,13,46,0.0,989,13,10,241,18
2019-02-01 21:00:00,15,12,0.0,8.3,1,1,8,05:36 AM,03:13 PM,08:03 AM,06:07 PM,3,10,12,10,31,61,55,0.6,990,12,10,247,19
2019-02-02 00:00:00,14,7,0.0,10.0,1,1,1,06:26 AM,04:02 PM,08:02 AM,06:08 PM,1,7,10,7,38,76,54,1.0,991,10,9,269,27
2019-02-02 03:00:00,14,7,0.0,10.0,1,1,1,06:26 AM,04:02 PM,08:02 AM,06:08 PM,0,6,9,6,32,29,55,0.3,992,9,10,281,23
2019-02-02 06:00:00,14,7,0.0,10.0,1,1,1,06:26 AM,04:02 PM,08:02 AM,06:08 PM,-0,4,8,4,28,15,57,0.0,993,8,10,291,21
2019-02-02 09:00:00,14,7,0.0,10.0,1,1,1,06:26 AM,04:02 PM,08:02 AM,06:08 PM,-1,5,8,5,22,22,56,0.0,995,8,10,318,17
2019-02-02 12:00:00,14,7,0.0,10.0,1,1,1,06:26 AM,04:02 PM,08:02 AM,06:08 PM,-1,9,10,9,12,64,48,0.0,997,10,10,330,10
2019-02-02 15:00:00,14,7,0.0,10.0,1,1,1,06:26 AM,04:02 PM,08:02 AM,06:08 PM,-1,12,13,12,13,58,40,0.0,999,13,10,321,11
2019-02-02 18:00:00,14,7,0.0,10.0,1,1,1,06:26 AM,04:02 PM,08:02 AM,06:08 PM,-2,10,12,10,23,19,37,0.0,1002,12,10,322,17
2019-02-02 21:00:00,14,7,0.0,10.0,1,1,1,06:26 AM,04:02 PM,08:02 AM,06:08 PM,-4,7,10,7,31,15,37,0.0,1006,10,10,311,22
2019-02-03 00:00:00,14,6,0.0,10.1,1,1,0,07:12 AM,04:55 PM,08:01 AM,06:09 PM,-5,5,9,5,39,19,37,0.0,1009,9,10,320,27
2019-02-03 03:00:00,14,6,0.0,10.1,1,1,0,07:12 AM,04:55 PM,08:01 AM,06:09 PM,-6,3,7,3,39,13,38,0.0,1010,7,10,327,27
2019-02-03 06:00:00,14,6,0.0,10.1,1,1,0,07:12 AM,04:55 PM,08:01 AM,06:09 PM,-7,2,6,2,36,6,38,0.0,1012,6,10,326,25
2019-02-03 09:00:00,14,6,0.0,10.1,1,1,0,07:12 AM,04:55 PM,08:01 AM,06:09 PM,-8,3,6,3,29,4,35,0.0,1014,6,10,334,22
2019-02-03 12:00:00,14,6,0.0,10.1,1,1,0,07:12 AM,04:55 PM,08:01 AM,06:09 PM,-8,7,9,7,19,4,28,0.0,1016,9,10,116,16
2019-02-03 15:00:00,14,6,0.0,10.1,1,1,0,07:12 AM,04:55 PM,08:01 AM,06:09 PM,-8,12,13,12,13,1,23,0.0,1017,13,10,237,12
2019-02-03 18:00:00,14,6,0.0,10.1,1,1,0,07:12 AM,04:55 PM,08:01 AM,06:09 PM,-8,9,11,9,28,0,25,0.0,1019,11,10,337,21
2019-02-03 21:00:00,14,6,0.0,10.1,1,1,0,07:12 AM,04:55 PM,08:01 AM,06:09 PM,-8,5,9,5,39,0,29,0.0,1022,9,10,325,26
2019-02-04 00:00:00,12,6,0.0,10.1,1,1,0,07:53 AM,05:51 PM,08:00 AM,06:11 PM,-9,3,7,3,35,0,32,0.0,1024,7,10,315,23
2019-02-04 03:00:00,12,6,0.0,10.1,1,1,0,07:53 AM,05:51 PM,08:00 AM,06:11 PM,-9,3,6,3,27,3,34,0.0,1024,6,10,327,18
2019-02-04 06:00:00,12,6,0.0,10.1,1,1,0,07:53 AM,05:51 PM,08:00 AM,06:11 PM,-9,3,6,3,18,5,35,0.0,1025,6,10,342,13
2019-02-04 09:00:00,12,6,0.0,10.1,1,1,0,07:53 AM,05:51 PM,08:00 AM,06:11 PM,-9,5,7,5,10,7,32,0.0,1026,7,10,345,9
2019-02-04 12:00:00,12,6,0.0,10.1,1,1,0,07:53 AM,05:51 PM,08:00 AM,06:11 PM,-9,10,10,10,3,5,25,0.0,1027,10,10,201,3
2019-02-04 15:00:00,12,6,0.0,10.1,1,1,0,07:53 AM,05:51 PM,08:00 AM,06:11 PM,-8,11,12,11,7,6,25,0.0,1026,12,10,162,6
2019-02-04 18:00:00,12,6,0.0,10.1,1,1,0,07:53 AM,05:51 PM,08:00 AM,06:11 PM,-6,10,11,10,8,19,32,0.0,1026,11,10,168,7
2019-02-04 21:00:00,12,6,0.0,10.1,1,1,0,07:53 AM,05:51 PM,08:00 AM,06:11 PM,-5,10,10,10,6,42,36,0.0,1027,10,10,208,5
2019-02-05 00:00:00,15,9,0.0,10.5,1,1,0,08:28 AM,06:49 PM,07:59 AM,06:12 PM,-5,9,9,9,7,73,37,0.0,1028,9,10,272,5
2019-02-05 03:00:00,15,9,0.0,10.5,1,1,0,08:28 AM,06:49 PM,07:59 AM,06:12 PM,-3,8,9,8,11,45,43,0.0,1027,9,16,298,7
2019-02-05 06:00:00,15,9,0.0,10.5,1,1,0,08:28 AM,06:49 PM,07:59 AM,06:12 PM,-3,8,9,8,12,21,45,0.0,1026,9,19,318,8
2019-02-05 09:00:00,15,9,0.0,10.5,1,1,0,08:28 AM,06:49 PM,07:59 AM,06:12 PM,-4,9,10,9,9,17,38,0.0,1026,10,13,336,7
2019-02-05 12:00:00,15,9,0.0,10.5,1,1,0,08:28 AM,06:49 PM,07:59 AM,06:12 PM,-3,13,13,13,5,13,33,0.0,1026,13,10,206,4
2019-02-05 15:00:00,15,9,0.0,10.5,1,1,0,08:28 AM,06:49 PM,07:59 AM,06:12 PM,-1,15,15,15,6,15,35,0.0,1025,15,10,154,5
2019-02-05 18:00:00,15,9,0.0,10.5,1,1,0,08:28 AM,06:49 PM,07:59 AM,06:12 PM,2,14,14,14,7,13,44,0.0,1025,14,10,138,6
2019-02-05 21:00:00,15,9,0.0,10.5,1,1,0,08:28 AM,06:49 PM,07:59 AM,06:12 PM,3,13,13,13,3,11,51,0.0,1026,13,10,175,3
2019-02-06 00:00:00,16,11,0.0,10.6,1,1,7,09:00 AM,07:47 PM,07:58 AM,06:13 PM,3,12,12,12,5,11,55,0.0,1027,12,10,263,4
2019-02-06 03:00:00,16,11,0.0,10.6,1,1,7,09:00 AM,07:47 PM,07:58 AM,06:13 PM,3,11,12,11,8,10,56,0.0,1027,12,10,315,5
2019-02-06 06:00:00,16,11,0.0,10.6,1,1,7,09:00 AM,07:47 PM,07:58 AM,06:13 PM,3,11,11,11,9,8,58,0.0,1026,11,10,330,6
2019-02-06 09:00:00,16,11,0.0,10.6,1,1,7,09:00 AM,07:47 PM,07:58 AM,06:13 PM,3,12,12,12,7,6,57,0.0,1027,12,10,335,5
2019-02-06 12:00:00,16,11,0.0,10.6,1,1,7,09:00 AM,07:47 PM,07:58 AM,06:13 PM,4,15,15,15,5,5,50,0.0,1026,15,10,242,4
2019-02-06 15:00:00,16,11,0.0,10.6,1,1,7,09:00 AM,07:47 PM,07:58 AM,06:13 PM,6,16,16,16,8,5,49,0.0,1025,16,10,196,7
2019-02-06 18:00:00,16,11,0.0,10.6,1,1,7,09:00 AM,07:47 PM,07:58 AM,06:13 PM,8,15,15,15,9,4,60,0.0,1024,15,10,209,8
2019-02-06 21:00:00,16,11,0.0,10.6,1,1,7,09:00 AM,07:47 PM,07:58 AM,06:13 PM,9,15,14,15,8,3,71,0.0,1024,14,10,249,6
2019-02-07 00:00:00,16,12,0.0,10.6,1,1,14,09:28 AM,08:45 PM,07:57 AM,06:14 PM,10,14,14,14,7,4,76,0.0,1024,14,10,285,6
2019-02-07 03:00:00,16,12,0.0,10.6,1,1,14,09:28 AM,08:45 PM,07:57 AM,06:14 PM,9,13,13,13,8,5,77,0.0,1023,13,10,313,6
2019-02-07 06:00:00,16,12,0.0,10.6,1,1,14,09:28 AM,08:45 PM,07:57 AM,06:14 PM,8,12,12,12,10,7,75,0.0,1022,12,10,335,6
2019-02-07 09:00:00,16,12,0.0,10.6,1,1,14,09:28 AM,08:45 PM,07:57 AM,06:14 PM,6,12,12,12,9,36,69,0.0,1023,12,10,120,6
2019-02-07 12:00:00,16,12,0.0,10.6,1,1,14,09:28 AM,08:45 PM,07:57 AM,06:14 PM,7,14,14,14,6,33,61,0.0,1023,14,10,75,5
2019-02-07 15:00:00,16,12,0.0,10.6,1,1,14,09:28 AM,08:45 PM,07:57 AM,06:14 PM,8,16,16,16,8,15,58,0.0,1022,16,10,129,6
2019-02-07 18:00:00,16,12,0.0,10.6,1,1,14,09:28 AM,08:45 PM,07:57 AM,06:14 PM,8,15,15,15,8,13,65,0.0,1023,15,10,120,7
2019-02-07 21:00:00,16,12,0.0,10.6,1,1,14,09:28 AM,08:45 PM,07:57 AM,06:14 PM,8,13,13,13,8,17,70,0.0,1025,13,10,101,5
2019-02-08 00:00:00,15,11,0.0,10.0,1,1,22,09:55 AM,09:44 PM,07:56 AM,06:16 PM,8,12,12,12,4,27,73,0.0,1026,12,10,253,3
2019-02-08 03:00:00,15,11,0.0,10.0,1,1,22,09:55 AM,09:44 PM,07:56 AM,06:16 PM,7,11,12,11,7,54,73,0.0,1025,12,10,317,4
2019-02-08 06:00:00,15,11,0.0,10.0,1,1,22,09:55 AM,09:44 PM,07:56 AM,06:16 PM,7,11,11,11,9,36,75,0.0,1025,11,10,286,5
2019-02-08 09:00:00,15,11,0.0,10.0,1,1,22,09:55 AM,09:44 PM,07:56 AM,06:16 PM,8,12,12,12,9,53,76,0.0,1025,12,10,252,6
2019-02-08 12:00:00,15,11,0.0,10.0,1,1,22,09:55 AM,09:44 PM,07:56 AM,06:16 PM,9,12,13,12,15,73,76,0.1,1025,13,10,222,12
2019-02-08 15:00:00,15,11,0.0,10.0,1,1,22,09:55 AM,09:44 PM,07:56 AM,06:16 PM,9,13,14,13,18,36,72,0.0,1023,14,10,217,14
2019-02-08 18:00:00,15,11,0.0,10.0,1,1,22,09:55 AM,09:44 PM,07:56 AM,06:16 PM,9,12,13,12,19,24,76,0.0,1022,13,10,223,13
2019-02-08 21:00:00,15,11,0.0,10.0,1,1,22,09:55 AM,09:44 PM,07:56 AM,06:16 PM,9,11,12,11,18,29,83,0.0,1022,12,10,238,11
2019-02-09 00:00:00,19,11,0.0,10.6,1,1,29,10:21 AM,10:42 PM,07:54 AM,06:17 PM,9,11,12,11,17,22,85,0.0,1022,12,10,252,10
2019-02-09 03:00:00,19,11,0.0,10.6,1,1,29,10:21 AM,10:42 PM,07:54 AM,06:17 PM,9,10,11,10,15,22,85,0.0,1021,11,17,262,9
2019-02-09 06:00:00,19,11,0.0,10.6,1,1,29,10:21 AM,10:42 PM,07:54 AM,06:17 PM,8,10,11,10,14,12,82,0.0,1020,11,20,277,8
2019-02-09 09:00:00,19,11,0.0,10.6,1,1,29,10:21 AM,10:42 PM,07:54 AM,06:17 PM,8,12,13,12,10,4,72,0.0,1021,13,20,300,8
2019-02-09 12:00:00,19,11,0.0,10.6,1,1,29,10:21 AM,10:42 PM,07:54 AM,06:17 PM,9,17,17,17,7,1,59,0.0,1021,17,20,274,6
2019-02-09 15:00:00,19,11,0.0,10.6,1,1,29,10:21 AM,10:42 PM,07:54 AM,06:17 PM,8,18,18,18,9,5,51,0.0,1019,18,20,216,8
2019-02-09 18:00:00,19,11,0.0,10.6,1,1,29,10:21 AM,10:42 PM,07:54 AM,06:17 PM,8,16,16,16,11,5,56,0.0,1019,16,20,203,9
2019-02-09 21:00:00,19,11,0.0,10.6,1,1,29,10:21 AM,10:42 PM,07:54 AM,06:17 PM,8,13,14,13,11,4,68,0.0,1021,14,20,230,9
2019-02-10 00:00:00,17,11,0.0,10.7,1,1,37,10:47 AM,11:43 PM,07:53 AM,06:18 PM,7,11,12,11,15,6,73,0.0,1020,12,20,256,10
2019-02-10 03:00:00,17,11,0.0,10.7,1,1,37,10:47 AM,11:43 PM,07:53 AM,06:18 PM,6,10,11,10,22,12,71,0.0,1019,11,13,260,13
2019-02-10 06:00:00,17,11,0.0,10.7,1,1,37,10:47 AM,11:43 PM,07:53 AM,06:18 PM,5,9,11,9,26,11,70,0.0,1017,11,10,260,14
2019-02-10 09:00:00,17,11,0.0,10.7,1,1,37,10:47 AM,11:43 PM,07:53 AM,06:18 PM,5,10,12,10,27,13,62,0.0,1017,12,10,265,17
2019-02-10 12:00:00,17,11,0.0,10.7,1,1,37,10:47 AM,11:43 PM,07:53 AM,06:18 PM,5,15,15,15,35,9,51,0.0,1017,15,10,267,26
2019-02-10 15:00:00,17,11,0.0,10.7,1,1,37,10:47 AM,11:43 PM,07:53 AM,06:18 PM,6,17,17,17,41,5,47,0.0,1016,17,10,271,29
2019-02-10 18:00:00,17,11,0.0,10.7,1,1,37,10:47 AM,11:43 PM,07:53 AM,06:18 PM,6,16,16,16,38,5,52,0.0,1017,16,17,269,22
2019-02-10 21:00:00,17,11,0.0,10.7,1,1,37,10:47 AM,11:43 PM,07:53 AM,06:18 PM,7,15,15,15,20,7,61,0.0,1019,15,19,276,12
2019-02-11 00:00:00,13,11,0.0,6.9,1,1,44,11:15 AM,No moonset,07:52 AM,06:19 PM,8,14,14,14,8,8,71,0.0,1021,14,19,122,6
2019-02-11 03:00:00,13,11,0.0,6.9,1,1,44,11:15 AM,No moonset,07:52 AM,06:19 PM,8,13,13,13,4,8,74,0.0,1022,13,13,203,3
2019-02-11 06:00:00,13,11,0.0,6.9,1,1,44,11:15 AM,No moonset,07:52 AM,06:19 PM,7,11,12,11,8,52,73,0.0,1023,12,10,145,6
2019-02-11 09:00:00,13,11,0.0,6.9,1,1,44,11:15 AM,No moonset,07:52 AM,06:19 PM,6,11,11,11,12,66,69,0.1,1025,11,10,88,9
2019-02-11 12:00:00,13,11,0.0,6.9,1,1,44,11:15 AM,No moonset,07:52 AM,06:19 PM,6,11,12,11,12,65,65,0.0,1026,12,10,140,9
2019-02-11 15:00:00,13,11,0.0,6.9,1,1,44,11:15 AM,No moonset,07:52 AM,06:19 PM,6,12,13,12,15,62,64,0.1,1027,13,10,175,13
2019-02-11 18:00:00,13,11,0.0,6.9,1,1,44,11:15 AM,No moonset,07:52 AM,06:19 PM,7,11,13,11,16,38,67,0.0,1028,13,16,156,13
2019-02-11 21:00:00,13,11,0.0,6.9,1,1,44,11:15 AM,No moonset,07:52 AM,06:19 PM,8,11,12,11,14,33,73,0.0,1029,12,20,127,11
2019-02-12 00:00:00,16,12,0.0,10.7,1,1,52,11:45 AM,12:44 AM,07:51 AM,06:21 PM,8,11,12,11,10,48,74,0.0,1031,12,19,130,8
2019-02-12 03:00:00,16,12,0.0,10.7,1,1,52,11:45 AM,12:44 AM,07:51 AM,06:21 PM,8,12,12,12,8,21,76,0.0,1031,12,13,267,6
2019-02-12 06:00:00,16,12,0.0,10.7,1,1,52,11:45 AM,12:44 AM,07:51 AM,06:21 PM,7,12,12,12,8,2,72,0.0,1032,12,10,336,7
2019-02-12 09:00:00,16,12,0.0,10.7,1,1,52,11:45 AM,12:44 AM,07:51 AM,06:21 PM,4,12,12,12,8,0,58,0.0,1032,12,10,342,6
2019-02-12 12:00:00,16,12,0.0,10.7,1,1,52,11:45 AM,12:44 AM,07:51 AM,06:21 PM,3,15,15,15,7,0,45,0.0,1032,15,10,278,6
2019-02-12 15:00:00,16,12,0.0,10.7,1,1,52,11:45 AM,12:44 AM,07:51 AM,06:21 PM,3,16,16,16,12,3,42,0.0,1031,16,10,235,10
2019-02-12 18:00:00,16,12,0.0,10.7,1,1,52,11:45 AM,12:44 AM,07:51 AM,06:21 PM,4,14,14,14,16,5,49,0.0,1031,14,10,233,13
2019-02-12 21:00:00,16,12,0.0,10.7,1,1,52,11:45 AM,12:44 AM,07:51 AM,06:21 PM,5,12,13,12,14,4,56,0.0,1031,13,17,253,11
2019-02-13 00:00:00,16,12,0.0,10.7,1,1,60,12:19 PM,01:48 AM,07:50 AM,06:22 PM,4,11,12,11,14,4,59,0.0,1031,12,13,271,10
2019-02-13 03:00:00,16,12,0.0,10.7,1,1,60,12:19 PM,01:48 AM,07:50 AM,06:22 PM,4,12,13,12,12,1,54,0.0,1031,13,10,286,9
2019-02-13 06:00:00,16,12,0.0,10.7,1,1,60,12:19 PM,01:48 AM,07:50 AM,06:22 PM,3,12,13,12,8,0,51,0.0,1031,13,10,314,7
2019-02-13 09:00:00,16,12,0.0,10.7,1,1,60,12:19 PM,01:48 AM,07:50 AM,06:22 PM,2,13,13,13,7,0,47,0.0,1032,13,10,132,6
2019-02-13 12:00:00,16,12,0.0,10.7,1,1,60,12:19 PM,01:48 AM,07:50 AM,06:22 PM,3,14,14,14,10,0,47,0.0,1032,14,17,88,8
2019-02-13 15:00:00,16,12,0.0,10.7,1,1,60,12:19 PM,01:48 AM,07:50 AM,06:22 PM,6,16,16,16,11,0,52,0.0,1032,16,13,148,9
2019-02-13 18:00:00,16,12,0.0,10.7,1,1,60,12:19 PM,01:48 AM,07:50 AM,06:22 PM,8,16,16,16,9,0,60,0.0,1032,16,10,190,8
2019-02-13 21:00:00,16,12,0.0,10.7,1,1,60,12:19 PM,01:48 AM,07:50 AM,06:22 PM,9,15,15,15,6,0,65,0.0,1033,15,17,221,5
2019-02-14 00:00:00,16,12,0.0,10.8,1,1,67,01:00 PM,02:54 AM,07:48 AM,06:23 PM,9,15,15,15,3,0,67,0.0,1034,15,20,287,3
2019-02-14 03:00:00,16,12,0.0,10.8,1,1,67,01:00 PM,02:54 AM,07:48 AM,06:23 PM,8,14,14,14,4,0,69,0.0,1034,14,13,319,4
2019-02-14 06:00:00,16,12,0.0,10.8,1,1,67,01:00 PM,02:54 AM,07:48 AM,06:23 PM,7,13,13,13,7,0,68,0.0,1035,13,10,327,6
2019-02-14 09:00:00,16,12,0.0,10.8,1,1,67,01:00 PM,02:54 AM,07:48 AM,06:23 PM,5,13,13,13,7,0,61,0.0,1035,13,10,331,6
2019-02-14 12:00:00,16,12,0.0,10.8,1,1,67,01:00 PM,02:54 AM,07:48 AM,06:23 PM,4,15,15,15,6,2,49,0.0,1034,15,10,249,5
2019-02-14 15:00:00,16,12,0.0,10.8,1,1,67,01:00 PM,02:54 AM,07:48 AM,06:23 PM,4,16,16,16,10,1,44,0.0,1033,16,17,204,9
2019-02-14 18:00:00,16,12,0.0,10.8,1,1,67,01:00 PM,02:54 AM,07:48 AM,06:23 PM,6,16,16,16,10,2,53,0.0,1032,16,13,198,9
2019-02-14 21:00:00,16,12,0.0,10.8,1,1,67,01:00 PM,02:54 AM,07:48 AM,06:23 PM,7,15,15,15,7,1,60,0.0,1032,15,17,226,6
2019-02-15 00:00:00,18,12,0.0,10.8,1,1,75,01:49 PM,04:00 AM,07:47 AM,06:24 PM,7,15,14,15,6,0,61,0.0,1032,14,20,265,5
2019-02-15 03:00:00,18,12,0.0,10.8,1,1,75,01:49 PM,04:00 AM,07:47 AM,06:24 PM,6,14,13,14,6,0,60,0.0,1031,13,13,305,5
2019-02-15 06:00:00,18,12,0.0,10.8,1,1,75,01:49 PM,04:00 AM,07:47 AM,06:24 PM,5,13,13,13,5,0,58,0.0,1031,13,10,327,5
2019-02-15 09:00:00,18,12,0.0,10.8,1,1,75,01:49 PM,04:00 AM,07:47 AM,06:24 PM,3,13,13,13,6,0,51,0.0,1031,13,10,333,5
2019-02-15 12:00:00,18,12,0.0,10.8,1,1,75,01:49 PM,04:00 AM,07:47 AM,06:24 PM,3,16,16,16,4,0,42,0.0,1030,16,10,251,4
2019-02-15 15:00:00,18,12,0.0,10.8,1,1,75,01:49 PM,04:00 AM,07:47 AM,06:24 PM,3,18,18,18,8,0,39,0.0,1029,18,17,201,7
2019-02-15 18:00:00,18,12,0.0,10.8,1,1,75,01:49 PM,04:00 AM,07:47 AM,06:24 PM,7,18,18,18,7,0,49,0.0,1029,18,13,185,6
2019-02-15 21:00:00,18,12,0.0,10.8,1,1,75,01:49 PM,04:00 AM,07:47 AM,06:24 PM,8,16,16,16,2,0,58,0.0,1030,16,10,247,2
2019-02-16 00:00:00,19,13,0.0,10.8,1,1,82,02:47 PM,05:04 AM,07:46 AM,06:26 PM,6,15,15,15,4,0,53,0.0,1030,15,17,308,4
2019-02-16 03:00:00,19,13,0.0,10.8,1,1,82,02:47 PM,05:04 AM,07:46 AM,06:26 PM,3,14,14,14,7,0,46,0.0,1029,14,13,326,6
2019-02-16 06:00:00,19,13,0.0,10.8,1,1,82,02:47 PM,05:04 AM,07:46 AM,06:26 PM,-0,13,13,13,8,0,40,0.0,1029,13,10,349,6
2019-02-16 09:00:00,19,13,0.0,10.8,1,1,82,02:47 PM,05:04 AM,07:46 AM,06:26 PM,-2,14,14,14,7,0,35,0.0,1030,14,10,132,6
2019-02-16 12:00:00,19,13,0.0,10.8,1,1,82,02:47 PM,05:04 AM,07:46 AM,06:26 PM,-0,17,17,17,6,0,31,0.0,1030,17,17,96,5
2019-02-16 15:00:00,19,13,0.0,10.8,1,1,82,02:47 PM,05:04 AM,07:46 AM,06:26 PM,2,18,18,18,8,0,34,0.0,1029,18,13,141,6
2019-02-16 18:00:00,19,13,0.0,10.8,1,1,82,02:47 PM,05:04 AM,07:46 AM,06:26 PM,5,18,18,18,6,0,42,0.0,1028,18,17,155,6
2019-02-16 21:00:00,19,13,0.0,10.8,1,1,82,02:47 PM,05:04 AM,07:46 AM,06:26 PM,6,17,17,17,3,0,49,0.0,1028,17,20,279,3
2019-02-17 00:00:00,17,13,0.0,10.8,1,1,90,03:54 PM,06:04 AM,07:44 AM,06:27 PM,4,16,16,16,3,0,47,0.0,1028,16,20,113,3
2019-02-17 03:00:00,17,13,0.0,10.8,1,1,90,03:54 PM,06:04 AM,07:44 AM,06:27 PM,0,15,15,15,5,0,38,0.0,1028,15,13,2,4
2019-02-17 06:00:00,17,13,0.0,10.8,1,1,90,03:54 PM,06:04 AM,07:44 AM,06:27 PM,-2,14,13,14,5,0,35,0.0,1027,13,10,7,5
2019-02-17 09:00:00,17,13,0.0,10.8,1,1,90,03:54 PM,06:04 AM,07:44 AM,06:27 PM,-0,15,14,15,5,0,37,0.0,1027,14,10,16,5
2019-02-17 12:00:00,17,13,0.0,10.8,1,1,90,03:54 PM,06:04 AM,07:44 AM,06:27 PM,6,16,16,16,7,0,50,0.0,1026,16,10,100,6
2019-02-17 15:00:00,17,13,0.0,10.8,1,1,90,03:54 PM,06:04 AM,07:44 AM,06:27 PM,7,15,16,15,11,6,56,0.0,1025,16,17,155,10
2019-02-17 18:00:00,17,13,0.0,10.8,1,1,90,03:54 PM,06:04 AM,07:44 AM,06:27 PM,7,13,13,13,10,24,65,0.0,1024,13,20,158,9
2019-02-17 21:00:00,17,13,0.0,10.8,1,1,90,03:54 PM,06:04 AM,07:44 AM,06:27 PM,8,12,13,12,5,16,73,0.0,1025,13,20,159,4
2019-02-18 00:00:00,16,12,0.0,10.9,1,1,97,05:08 PM,06:58 AM,07:43 AM,06:28 PM,8,12,12,12,5,7,76,0.0,1024,12,20,293,4
2019-02-18 03:00:00,16,12,0.0,10.9,1,1,97,05:08 PM,06:58 AM,07:43 AM,06:28 PM,7,11,12,11,8,3,75,0.0,1024,12,13,356,6
2019-02-18 06:00:00,16,12,0.0,10.9,1,1,97,05:08 PM,06:58 AM,07:43 AM,06:28 PM,6,11,12,11,8,1,71,0.0,1023,12,10,354,7
2019-02-18 09:00:00,16,12,0.0,10.9,1,1,97,05:08 PM,06:58 AM,07:43 AM,06:28 PM,5,13,13,13,7,1,59,0.0,1022,13,10,353,6
2019-02-18 12:00:00,16,12,0.0,10.9,1,1,97,05:08 PM,06:58 AM,07:43 AM,06:28 PM,4,15,15,15,4,3,47,0.0,1022,15,10,220,4
2019-02-18 15:00:00,16,12,0.0,10.9,1,1,97,05:08 PM,06:58 AM,07:43 AM,06:28 PM,4,16,16,16,6,5,44,0.0,1020,16,10,157,5
2019-02-18 18:00:00,16,12,0.0,10.9,1,1,97,05:08 PM,06:58 AM,07:43 AM,06:28 PM,6,15,15,15,7,10,55,0.0,1020,15,10,149,6
2019-02-18 21:00:00,16,12,0.0,10.9,1,1,97,05:08 PM,06:58 AM,07:43 AM,06:28 PM,7,13,13,13,4,16,66,0.0,1021,13,10,85,3
2019-02-19 00:00:00,14,10,0.0,10.9,1,1,100,06:24 PM,07:44 AM,07:42 AM,06:29 PM,8,11,12,11,8,13,80,0.0,1022,12,17,42,6
2019-02-19 03:00:00,14,10,0.0,10.9,1,1,100,06:24 PM,07:44 AM,07:42 AM,06:29 PM,8,10,11,10,12,12,86,0.0,1021,11,13,28,8
2019-02-19 06:00:00,14,10,0.0,10.9,1,1,100,06:24 PM,07:44 AM,07:42 AM,06:29 PM,8,9,10,9,14,12,86,0.0,1021,10,10,26,9
2019-02-19 09:00:00,14,10,0.0,10.9,1,1,100,06:24 PM,07:44 AM,07:42 AM,06:29 PM,8,9,11,9,14,28,81,0.0,1022,11,10,37,10
2019-02-19 12:00:00,14,10,0.0,10.9,1,1,100,06:24 PM,07:44 AM,07:42 AM,06:29 PM,7,12,13,12,14,38,69,0.0,1022,13,10,78,12
2019-02-19 15:00:00,14,10,0.0,10.9,1,1,100,06:24 PM,07:44 AM,07:42 AM,06:29 PM,7,13,14,13,15,22,65,0.0,1021,14,10,107,13
2019-02-19 18:00:00,14,10,0.0,10.9,1,1,100,06:24 PM,07:44 AM,07:42 AM,06:29 PM,7,12,13,12,13,9,69,0.0,1022,13,10,108,11
2019-02-19 21:00:00,14,10,0.0,10.9,1,1,100,06:24 PM,07:44 AM,07:42 AM,06:29 PM,7,11,12,11,9,10,73,0.0,1023,12,10,91,7
2019-02-20 00:00:00,14,7,0.0,10.9,1,1,88,07:41 PM,08:24 AM,07:40 AM,06:30 PM,7,12,11,12,5,11,76,0.0,1023,11,10,56,4
2019-02-20 03:00:00,14,7,0.0,10.9,1,1,88,07:41 PM,08:24 AM,07:40 AM,06:30 PM,6,11,10,11,5,24,76,0.0,1024,10,10,240,3
2019-02-20 06:00:00,14,7,0.0,10.9,1,1,88,07:41 PM,08:24 AM,07:40 AM,06:30 PM,6,10,10,10,6,34,78,0.0,1023,10,10,345,4
2019-02-20 09:00:00,14,7,0.0,10.9,1,1,88,07:41 PM,08:24 AM,07:40 AM,06:30 PM,6,11,11,11,4,33,75,0.0,1024,11,10,125,3
2019-02-20 12:00:00,14,7,0.0,10.9,1,1,88,07:41 PM,08:24 AM,07:40 AM,06:30 PM,6,13,13,13,7,26,64,0.0,1025,13,10,125,6
2019-02-20 15:00:00,14,7,0.0,10.9,1,1,88,07:41 PM,08:24 AM,07:40 AM,06:30 PM,6,13,14,13,12,14,59,0.0,1025,14,10,182,10
2019-02-20 18:00:00,14,7,0.0,10.9,1,1,88,07:41 PM,08:24 AM,07:40 AM,06:30 PM,8,11,14,11,12,4,64,0.0,1025,12,10,194,10
2019-02-20 21:00:00,14,7,0.0,10.9,1,1,88,07:41 PM,08:24 AM,07:40 AM,06:30 PM,9,8,12,8,8,1,68,0.0,1027,8,10,219,7
2019-02-21 00:00:00,16,13,0.0,10.9,1,1,80,08:56 PM,09:00 AM,07:39 AM,06:32 PM,10,12,13,12,6,0,72,0.0,1028,12,10,247,5
2019-02-21 03:00:00,16,13,0.0,10.9,1,1,80,08:56 PM,09:00 AM,07:39 AM,06:32 PM,9,14,14,14,5,0,74,0.0,1028,14,10,271,5
2019-02-21 06:00:00,16,13,0.0,10.9,1,1,80,08:56 PM,09:00 AM,07:39 AM,06:32 PM,8,13,13,13,5,0,74,0.0,1028,13,10,289,5
2019-02-21 09:00:00,16,13,0.0,10.9,1,1,80,08:56 PM,09:00 AM,07:39 AM,06:32 PM,8,14,14,14,5,0,68,0.0,1029,14,10,279,5
2019-02-21 12:00:00,16,13,0.0,10.9,1,1,80,08:56 PM,09:00 AM,07:39 AM,06:32 PM,7,15,15,15,11,0,59,0.0,1029,15,10,239,9
2019-02-21 15:00:00,16,13,0.0,10.9,1,1,80,08:56 PM,09:00 AM,07:39 AM,06:32 PM,7,16,16,16,16,0,57,0.0,1028,16,10,217,14
2019-02-21 18:00:00,16,13,0.0,10.9,1,1,80,08:56 PM,09:00 AM,07:39 AM,06:32 PM,8,14,15,14,15,0,64,0.0,1029,15,10,222,14
2019-02-21 21:00:00,16,13,0.0,10.9,1,1,80,08:56 PM,09:00 AM,07:39 AM,06:32 PM,9,13,14,13,13,0,72,0.0,1030,14,10,244,11
2019-02-22 00:00:00,22,13,0.0,11.0,1,1,73,10:09 PM,09:33 AM,07:37 AM,06:33 PM,9,14,14,14,11,0,72,0.0,1031,14,10,267,9
2019-02-22 03:00:00,22,13,0.0,11.0,1,1,73,10:09 PM,09:33 AM,07:37 AM,06:33 PM,8,13,14,13,12,0,67,0.0,1030,14,10,289,9
2019-02-22 06:00:00,22,13,0.0,11.0,1,1,73,10:09 PM,09:33 AM,07:37 AM,06:33 PM,5,12,13,12,15,0,59,0.0,1030,13,10,301,10
2019-02-22 09:00:00,22,13,0.0,11.0,1,1,73,10:09 PM,09:33 AM,07:37 AM,06:33 PM,3,14,14,14,13,0,48,0.0,1029,14,10,308,10
2019-02-22 12:00:00,22,13,0.0,11.0,1,1,73,10:09 PM,09:33 AM,07:37 AM,06:33 PM,4,19,19,19,9,0,38,0.0,1028,19,10,274,8
2019-02-22 15:00:00,22,13,0.0,11.0,1,1,73,10:09 PM,09:33 AM,07:37 AM,06:33 PM,5,21,23,21,11,0,35,0.0,1027,21,10,236,9
2019-02-22 18:00:00,22,13,0.0,11.0,1,1,73,10:09 PM,09:33 AM,07:37 AM,06:33 PM,8,21,21,21,11,0,44,0.0,1026,21,10,234,9
2019-02-22 21:00:00,22,13,0.0,11.0,1,1,73,10:09 PM,09:33 AM,07:37 AM,06:33 PM,9,20,20,20,8,0,51,0.0,1027,20,10,272,6
2019-02-23 00:00:00,21,14,0.0,11.0,1,1,65,11:19 PM,10:04 AM,07:36 AM,06:34 PM,9,19,19,19,6,0,53,0.0,1027,19,10,329,5
2019-02-23 03:00:00,21,14,0.0,11.0,1,1,65,11:19 PM,10:04 AM,07:36 AM,06:34 PM,7,17,17,17,9,0,53,0.0,1027,17,17,151,7
2019-02-23 06:00:00,21,14,0.0,11.0,1,1,65,11:19 PM,10:04 AM,07:36 AM,06:34 PM,7,15,15,15,10,0,56,0.0,1027,15,20,48,9
2019-02-23 09:00:00,21,14,0.0,11.0,1,1,65,11:19 PM,10:04 AM,07:36 AM,06:34 PM,7,17,17,17,6,0,52,0.0,1027,17,20,19,5
2019-02-23 12:00:00,21,14,0.0,11.0,1,1,65,11:19 PM,10:04 AM,07:36 AM,06:34 PM,8,20,20,20,5,0,46,0.0,1027,20,20,141,4
2019-02-23 15:00:00,21,14,0.0,11.0,1,1,65,11:19 PM,10:04 AM,07:36 AM,06:34 PM,8,21,21,21,9,0,43,0.0,1026,21,20,197,8
2019-02-23 18:00:00,21,14,0.0,11.0,1,1,65,11:19 PM,10:04 AM,07:36 AM,06:34 PM,8,18,18,18,13,3,50,0.0,1027,18,20,130,11
2019-02-23 21:00:00,21,14,0.0,11.0,1,1,65,11:19 PM,10:04 AM,07:36 AM,06:34 PM,8,14,15,14,21,7,64,0.0,1029,15,20,81,15
2019-02-24 00:00:00,17,12,0.0,11.0,1,1,57,No moonrise,10:36 AM,07:34 AM,06:35 PM,8,12,13,12,22,10,70,0.0,1031,13,20,61,15
2019-02-24 03:00:00,17,12,0.0,11.0,1,1,57,No moonrise,10:36 AM,07:34 AM,06:35 PM,9,11,12,11,21,23,79,0.0,1032,12,10,71,15
2019-02-24 06:00:00,17,12,0.0,11.0,1,1,57,No moonrise,10:36 AM,07:34 AM,06:35 PM,8,10,12,10,19,15,77,0.0,1032,12,10,59,14
2019-02-24 09:00:00,17,12,0.0,11.0,1,1,57,No moonrise,10:36 AM,07:34 AM,06:35 PM,6,11,13,11,18,17,66,0.0,1033,13,10,61,14
2019-02-24 12:00:00,17,12,0.0,11.0,1,1,57,No moonrise,10:36 AM,07:34 AM,06:35 PM,4,14,15,14,14,7,48,0.0,1033,15,10,94,12
2019-02-24 15:00:00,17,12,0.0,11.0,1,1,57,No moonrise,10:36 AM,07:34 AM,06:35 PM,3,17,17,17,12,1,41,0.0,1033,17,10,149,10
2019-02-24 18:00:00,17,12,0.0,11.0,1,1,57,No moonrise,10:36 AM,07:34 AM,06:35 PM,5,16,16,16,11,0,45,0.0,1033,16,10,194,10
2019-02-24 21:00:00,17,12,0.0,11.0,1,1,57,No moonrise,10:36 AM,07:34 AM,06:35 PM,6,16,16,16,9,0,51,0.0,1033,16,10,233,8
2019-02-25 00:00:00,17,13,0.0,11.0,1,1,50,12:27 AM,11:10 AM,07:33 AM,06:37 PM,6,15,15,15,9,0,54,0.0,1034,15,10,255,8
2019-02-25 03:00:00,17,13,0.0,11.0,1,1,50,12:27 AM,11:10 AM,07:33 AM,06:37 PM,6,14,14,14,7,3,61,0.0,1033,14,10,272,6
2019-02-25 06:00:00,17,13,0.0,11.0,1,1,50,12:27 AM,11:10 AM,07:33 AM,06:37 PM,6,13,13,13,3,4,64,0.0,1033,13,10,103,3
2019-02-25 09:00:00,17,13,0.0,11.0,1,1,50,12:27 AM,11:10 AM,07:33 AM,06:37 PM,6,14,14,14,2,3,61,0.0,1033,14,10,60,1
2019-02-25 12:00:00,17,13,0.0,11.0,1,1,50,12:27 AM,11:10 AM,07:33 AM,06:37 PM,7,16,16,16,5,2,54,0.0,1033,16,10,148,4
2019-02-25 15:00:00,17,13,0.0,11.0,1,1,50,12:27 AM,11:10 AM,07:33 AM,06:37 PM,7,17,17,17,10,3,52,0.0,1032,17,10,167,8
2019-02-25 18:00:00,17,13,0.0,11.0,1,1,50,12:27 AM,11:10 AM,07:33 AM,06:37 PM,8,16,16,16,8,5,58,0.0,1031,16,10,159,7
2019-02-25 21:00:00,17,13,0.0,11.0,1,1,50,12:27 AM,11:10 AM,07:33 AM,06:37 PM,10,14,16,14,4,2,64,0.0,1032,14,10,243,4
2019-02-26 00:00:00,20,15,0.0,11.1,1,1,42,01:32 AM,11:46 AM,07:31 AM,06:38 PM,10,15,16,15,7,0,65,0.0,1032,15,10,305,6
2019-02-26 03:00:00,20,15,0.0,11.1,1,1,42,01:32 AM,11:46 AM,07:31 AM,06:38 PM,8,15,15,15,13,0,60,0.0,1031,15,10,338,9
2019-02-26 06:00:00,20,15,0.0,11.1,1,1,42,01:32 AM,11:46 AM,07:31 AM,06:38 PM,5,15,15,15,13,0,52,0.0,1030,15,10,121,9
2019-02-26 09:00:00,20,15,0.0,11.1,1,1,42,01:32 AM,11:46 AM,07:31 AM,06:38 PM,3,16,16,16,9,1,41,0.0,1031,16,10,237,6
2019-02-26 12:00:00,20,15,0.0,11.1,1,1,42,01:32 AM,11:46 AM,07:31 AM,06:38 PM,3,19,19,19,8,2,36,0.0,1031,19,10,215,7
2019-02-26 15:00:00,20,15,0.0,11.1,1,1,42,01:32 AM,11:46 AM,07:31 AM,06:38 PM,5,19,19,19,10,3,40,0.0,1030,19,10,156,9
2019-02-26 18:00:00,20,15,0.0,11.1,1,1,42,01:32 AM,11:46 AM,07:31 AM,06:38 PM,7,18,18,18,8,3,50,0.0,1029,18,10,191,7
2019-02-26 21:00:00,20,15,0.0,11.1,1,1,42,01:32 AM,11:46 AM,07:31 AM,06:38 PM,7,17,17,17,6,3,53,0.0,1029,17,10,244,6
2019-02-27 00:00:00,21,14,0.0,11.1,1,1,35,02:33 AM,12:25 PM,07:30 AM,06:39 PM,6,15,15,15,11,8,53,0.0,1029,15,10,272,7
2019-02-27 03:00:00,21,14,0.0,11.1,1,1,35,02:33 AM,12:25 PM,07:30 AM,06:39 PM,6,15,15,15,12,5,57,0.0,1028,15,10,272,8
2019-02-27 06:00:00,21,14,0.0,11.1,1,1,35,02:33 AM,12:25 PM,07:30 AM,06:39 PM,6,14,15,14,12,2,55,0.0,1027,15,10,279,8
2019-02-27 09:00:00,21,14,0.0,11.1,1,1,35,02:33 AM,12:25 PM,07:30 AM,06:39 PM,4,16,16,16,9,1,45,0.0,1027,16,10,282,7
2019-02-27 12:00:00,21,14,0.0,11.1,1,1,35,02:33 AM,12:25 PM,07:30 AM,06:39 PM,5,20,21,20,10,0,37,0.0,1026,20,10,244,9
2019-02-27 15:00:00,21,14,0.0,11.1,1,1,35,02:33 AM,12:25 PM,07:30 AM,06:39 PM,6,21,22,21,16,0,37,0.0,1025,21,10,218,13
2019-02-27 18:00:00,21,14,0.0,11.1,1,1,35,02:33 AM,12:25 PM,07:30 AM,06:39 PM,7,20,20,20,16,0,44,0.0,1025,20,10,219,13
2019-02-27 21:00:00,21,14,0.0,11.1,1,1,35,02:33 AM,12:25 PM,07:30 AM,06:39 PM,8,18,18,18,14,0,51,0.0,1025,18,10,233,11
2019-02-28 00:00:00,19,15,0.0,10.1,1,1,27,03:32 AM,01:09 PM,07:28 AM,06:40 PM,8,18,18,18,11,0,53,0.0,1025,18,10,253,9
2019-02-28 03:00:00,19,15,0.0,10.1,1,1,27,03:32 AM,01:09 PM,07:28 AM,06:40 PM,8,18,18,18,7,0,52,0.0,1025,18,10,299,6
2019-02-28 06:00:00,19,15,0.0,10.1,1,1,27,03:32 AM,01:09 PM,07:28 AM,06:40 PM,6,17,17,17,7,0,50,0.0,1025,17,10,121,5
2019-02-28 09:00:00,19,15,0.0,10.1,1,1,27,03:32 AM,01:09 PM,07:28 AM,06:40 PM,6,18,18,18,7,1,46,0.0,1026,18,10,42,6
2019-02-28 12:00:00,19,15,0.0,10.1,1,1,27,03:32 AM,01:09 PM,07:28 AM,06:40 PM,6,19,19,19,8,10,43,0.0,1026,19,10,92,6
2019-02-28 15:00:00,19,15,0.0,10.1,1,1,27,03:32 AM,01:09 PM,07:28 AM,06:40 PM,7,19,19,19,11,28,46,0.0,1025,19,10,129,9
2019-02-28 18:00:00,19,15,0.0,10.1,1,1,27,03:32 AM,01:09 PM,07:28 AM,06:40 PM,8,17,17,17,11,69,57,0.0,1024,17,10,120,8
2019-02-28 21:00:00,19,15,0.0,10.1,1,1,27,03:32 AM,01:09 PM,07:28 AM,06:40 PM,9,16,16,16,9,36,67,0.0,1025,16,10,83,7
2019-03-01 00:00:00,17,13,0.0,11.1,1,1,26,04:24 AM,01:58 PM,07:27 AM,06:41 PM,10,16,16,16,8,5,70,0.0,1025,16,10,57,6
2019-03-01 03:00:00,17,13,0.0,11.1,1,1,26,04:24 AM,01:58 PM,07:27 AM,06:41 PM,9,14,14,14,8,13,70,0.0,1025,14,10,31,6
2019-03-01 06:00:00,17,13,0.0,11.1,1,1,26,04:24 AM,01:58 PM,07:27 AM,06:41 PM,8,13,13,13,10,18,70,0.0,1025,13,10,36,6
2019-03-01 09:00:00,17,13,0.0,11.1,1,1,26,04:24 AM,01:58 PM,07:27 AM,06:41 PM,9,15,15,15,7,6,68,0.0,1024,15,10,74,5
2019-03-01 12:00:00,17,13,0.0,11.1,1,1,26,04:24 AM,01:58 PM,07:27 AM,06:41 PM,10,17,17,17,10,0,65,0.0,1023,17,10,140,9
2019-03-01 15:00:00,17,13,0.0,11.1,1,1,26,04:24 AM,01:58 PM,07:27 AM,06:41 PM,10,17,17,17,14,9,67,0.0,1021,17,10,171,12
2019-03-01 18:00:00,17,13,0.0,11.1,1,1,26,04:24 AM,01:58 PM,07:27 AM,06:41 PM,11,16,16,16,11,8,74,0.0,1021,16,10,163,9
2019-03-01 21:00:00,17,13,0.0,11.1,1,1,26,04:24 AM,01:58 PM,07:27 AM,06:41 PM,12,15,15,15,7,4,80,0.0,1022,15,10,137,6
2019-03-02 00:00:00,18,12,0.0,11.2,1,1,19,05:11 AM,02:50 PM,07:25 AM,06:42 PM,12,14,14,14,8,8,85,0.0,1022,14,10,109,7
2019-03-02 03:00:00,18,12,0.0,11.2,1,1,19,05:11 AM,02:50 PM,07:25 AM,06:42 PM,11,13,13,13,8,17,89,0.0,1022,13,10,93,6
2019-03-02 06:00:00,18,12,0.0,11.2,1,1,19,05:11 AM,02:50 PM,07:25 AM,06:42 PM,11,13,12,13,7,29,90,0.0,1022,12,10,82,5
2019-03-02 09:00:00,18,12,0.0,11.2,1,1,19,05:11 AM,02:50 PM,07:25 AM,06:42 PM,10,14,13,14,5,46,82,0.0,1023,13,10,102,4
2019-03-02 12:00:00,18,12,0.0,11.2,1,1,19,05:11 AM,02:50 PM,07:25 AM,06:42 PM,10,15,15,15,9,28,70,0.0,1023,15,10,160,7
2019-03-02 15:00:00,18,12,0.0,11.2,1,1,19,05:11 AM,02:50 PM,07:25 AM,06:42 PM,10,17,17,17,11,7,63,0.0,1022,17,10,186,9
2019-03-02 18:00:00,18,12,0.0,11.2,1,1,19,05:11 AM,02:50 PM,07:25 AM,06:42 PM,11,17,17,17,9,4,65,0.0,1022,17,10,161,7
2019-03-02 21:00:00,18,12,0.0,11.2,1,1,19,05:11 AM,02:50 PM,07:25 AM,06:42 PM,11,16,16,16,4,5,72,0.0,1023,16,10,172,3
2019-03-03 00:00:00,19,14,0.0,11.2,1,1,12,05:53 AM,03:45 PM,07:24 AM,06:44 PM,10,15,15,15,4,7,74,0.0,1024,15,10,71,3
2019-03-03 03:00:00,19,14,0.0,11.2,1,1,12,05:53 AM,03:45 PM,07:24 AM,06:44 PM,10,14,14,14,6,6,75,0.0,1023,14,10,242,5
2019-03-03 06:00:00,19,14,0.0,11.2,1,1,12,05:53 AM,03:45 PM,07:24 AM,06:44 PM,9,14,14,14,8,4,72,0.0,1023,14,10,347,6
2019-03-03 09:00:00,19,14,0.0,11.2,1,1,12,05:53 AM,03:45 PM,07:24 AM,06:44 PM,8,15,15,15,6,8,63,0.0,1022,15,10,307,5
2019-03-03 12:00:00,19,14,0.0,11.2,1,1,12,05:53 AM,03:45 PM,07:24 AM,06:44 PM,7,17,17,17,11,16,51,0.0,1021,17,10,245,9
2019-03-03 15:00:00,19,14,0.0,11.2,1,1,12,05:53 AM,03:45 PM,07:24 AM,06:44 PM,6,19,19,19,23,8,44,0.0,1020,19,10,225,18
2019-03-03 18:00:00,19,14,0.0,11.2,1,1,12,05:53 AM,03:45 PM,07:24 AM,06:44 PM,7,17,17,17,28,7,50,0.0,1018,17,10,230,18
2019-03-03 21:00:00,19,14,0.0,11.2,1,1,12,05:53 AM,03:45 PM,07:24 AM,06:44 PM,7,16,16,16,22,17,56,0.0,1018,16,10,241,13
2019-03-04 00:00:00,20,13,0.0,10.1,1,1,4,06:29 AM,04:42 PM,07:22 AM,06:45 PM,7,14,15,14,19,21,61,0.0,1017,15,10,245,11
2019-03-04 03:00:00,20,13,0.0,10.1,1,1,4,06:29 AM,04:42 PM,07:22 AM,06:45 PM,6,14,14,14,24,12,56,0.0,1015,14,10,258,12
2019-03-04 06:00:00,20,13,0.0,10.1,1,1,4,06:29 AM,04:42 PM,07:22 AM,06:45 PM,5,13,14,13,27,11,53,0.0,1014,14,10,264,14
2019-03-04 09:00:00,20,13,0.0,10.1,1,1,4,06:29 AM,04:42 PM,07:22 AM,06:45 PM,5,15,16,15,28,62,48,0.0,1015,16,10,269,17
2019-03-04 12:00:00,20,13,0.0,10.1,1,1,4,06:29 AM,04:42 PM,07:22 AM,06:45 PM,6,18,18,18,26,34,43,0.0,1016,18,10,266,19
2019-03-04 15:00:00,20,13,0.0,10.1,1,1,4,06:29 AM,04:42 PM,07:22 AM,06:45 PM,6,20,20,20,24,15,40,0.0,1015,20,10,260,18
2019-03-04 18:00:00,20,13,0.0,10.1,1,1,4,06:29 AM,04:42 PM,07:22 AM,06:45 PM,7,18,18,18,16,22,49,0.0,1016,18,10,165,11
2019-03-04 21:00:00,20,13,0.0,10.1,1,1,4,06:29 AM,04:42 PM,07:22 AM,06:45 PM,8,13,14,13,25,28,67,0.0,1018,14,10,117,18
2019-03-05 00:00:00,16,12,0.0,11.3,1,1,0,07:02 AM,05:40 PM,07:20 AM,06:46 PM,8,11,13,11,23,21,70,0.0,1019,13,10,114,17
2019-03-05 03:00:00,16,12,0.0,11.3,1,1,0,07:02 AM,05:40 PM,07:20 AM,06:46 PM,7,13,13,13,9,18,68,0.0,1018,13,10,123,7
2019-03-05 06:00:00,16,12,0.0,11.3,1,1,0,07:02 AM,05:40 PM,07:20 AM,06:46 PM,7,13,13,13,2,28,67,0.0,1018,13,10,133,1
2019-03-05 09:00:00,16,12,0.0,11.3,1,1,0,07:02 AM,05:40 PM,07:20 AM,06:46 PM,6,13,13,13,2,42,61,0.0,1018,13,10,177,2
2019-03-05 12:00:00,16,12,0.0,11.3,1,1,0,07:02 AM,05:40 PM,07:20 AM,06:46 PM,6,15,15,15,7,26,55,0.0,1017,15,10,187,6
2019-03-05 15:00:00,16,12,0.0,11.3,1,1,0,07:02 AM,05:40 PM,07:20 AM,06:46 PM,6,16,16,16,13,11,54,0.0,1016,16,10,182,11
2019-03-05 18:00:00,16,12,0.0,11.3,1,1,0,07:02 AM,05:40 PM,07:20 AM,06:46 PM,8,15,15,15,13,5,61,0.0,1015,15,10,187,11
2019-03-05 21:00:00,16,12,0.0,11.3,1,1,0,07:02 AM,05:40 PM,07:20 AM,06:46 PM,9,14,14,14,10,8,69,0.0,1015,14,10,206,8
2019-03-06 00:00:00,15,12,0.0,7.1,1,1,0,07:32 AM,06:38 PM,07:19 AM,06:47 PM,9,14,14,14,6,11,74,0.0,1015,14,10,241,6
2019-03-06 03:00:00,15,12,0.0,7.1,1,1,0,07:32 AM,06:38 PM,07:19 AM,06:47 PM,8,13,13,13,6,10,70,0.0,1013,13,10,262,5
2019-03-06 06:00:00,15,12,0.0,7.1,1,1,0,07:32 AM,06:38 PM,07:19 AM,06:47 PM,7,12,12,12,5,40,70,0.0,1012,12,10,288,3
2019-03-06 09:00:00,15,12,0.0,7.1,1,1,0,07:32 AM,06:38 PM,07:19 AM,06:47 PM,9,14,13,14,5,57,75,0.0,1010,13,10,218,4
2019-03-06 12:00:00,15,12,0.0,7.1,1,1,0,07:32 AM,06:38 PM,07:19 AM,06:47 PM,11,15,15,15,14,86,81,0.0,1008,15,10,189,12
2019-03-06 15:00:00,15,12,0.0,7.1,1,1,0,07:32 AM,06:38 PM,07:19 AM,06:47 PM,12,15,15,15,21,83,82,0.1,1006,15,10,197,17
2019-03-06 18:00:00,15,12,0.0,7.1,1,1,0,07:32 AM,06:38 PM,07:19 AM,06:47 PM,12,14,15,14,21,61,83,0.2,1004,15,7,211,15
2019-03-06 21:00:00,15,12,0.0,7.1,1,1,0,07:32 AM,06:38 PM,07:19 AM,06:47 PM,11,13,14,13,22,71,83,0.3,1005,14,5,223,14
2019-03-07 00:00:00,17,12,0.0,11.3,1,1,3,07:59 AM,07:38 PM,07:17 AM,06:48 PM,5,12,14,12,37,80,59,0.4,1007,14,8,267,23
2019-03-07 03:00:00,17,12,0.0,11.3,1,1,3,07:59 AM,07:38 PM,07:17 AM,06:48 PM,3,10,12,10,37,29,53,0.1,1009,12,10,280,22
2019-03-07 06:00:00,17,12,0.0,11.3,1,1,3,07:59 AM,07:38 PM,07:17 AM,06:48 PM,4,11,12,11,20,4,58,0.0,1011,12,10,288,14
2019-03-07 09:00:00,17,12,0.0,11.3,1,1,3,07:59 AM,07:38 PM,07:17 AM,06:48 PM,3,13,13,13,10,7,50,0.0,1013,13,10,303,8
2019-03-07 12:00:00,17,12,0.0,11.3,1,1,3,07:59 AM,07:38 PM,07:17 AM,06:48 PM,2,16,16,16,7,7,40,0.0,1014,16,10,265,6
2019-03-07 15:00:00,17,12,0.0,11.3,1,1,3,07:59 AM,07:38 PM,07:17 AM,06:48 PM,2,17,17,17,13,6,37,0.0,1014,17,10,209,11
2019-03-07 18:00:00,17,12,0.0,11.3,1,1,3,07:59 AM,07:38 PM,07:17 AM,06:48 PM,4,15,16,15,17,7,45,0.0,1014,16,10,200,13
2019-03-07 21:00:00,17,12,0.0,11.3,1,1,3,07:59 AM,07:38 PM,07:17 AM,06:48 PM,5,13,14,13,22,4,54,0.0,1016,14,10,234,15
2019-03-08 00:00:00,17,12,0.0,11.3,1,1,10,08:24 AM,08:37 PM,07:16 AM,06:49 PM,6,12,13,12,18,3,61,0.0,1017,13,10,250,13
2019-03-08 03:00:00,17,12,0.0,11.3,1,1,10,08:24 AM,08:37 PM,07:16 AM,06:49 PM,7,13,13,13,10,3,65,0.0,1017,13,10,267,8
2019-03-08 06:00:00,17,12,0.0,11.3,1,1,10,08:24 AM,08:37 PM,07:16 AM,06:49 PM,4,12,12,12,9,4,58,0.0,1018,12,10,305,7
2019-03-08 09:00:00,17,12,0.0,11.3,1,1,10,08:24 AM,08:37 PM,07:16 AM,06:49 PM,1,13,13,13,9,10,43,0.0,1020,13,10,333,7
2019-03-08 12:00:00,17,12,0.0,11.3,1,1,10,08:24 AM,08:37 PM,07:16 AM,06:49 PM,1,16,16,16,6,12,35,0.0,1021,16,10,208,6
2019-03-08 15:00:00,17,12,0.0,11.3,1,1,10,08:24 AM,08:37 PM,07:16 AM,06:49 PM,3,17,17,17,13,11,39,0.0,1021,17,10,148,11
2019-03-08 18:00:00,17,12,0.0,11.3,1,1,10,08:24 AM,08:37 PM,07:16 AM,06:49 PM,5,15,15,15,14,12,51,0.0,1022,15,10,132,12
2019-03-08 21:00:00,17,12,0.0,11.3,1,1,10,08:24 AM,08:37 PM,07:16 AM,06:49 PM,6,14,14,14,8,14,59,0.0,1025,14,10,106,6
2019-03-09 00:00:00,18,13,0.0,11.4,1,1,17,08:51 AM,09:37 PM,07:14 AM,06:51 PM,7,14,14,14,2,13,63,0.0,1027,14,10,267,2
2019-03-09 03:00:00,18,13,0.0,11.4,1,1,17,08:51 AM,09:37 PM,07:14 AM,06:51 PM,8,14,14,14,2,6,66,0.0,1028,14,10,317,2
2019-03-09 06:00:00,18,13,0.0,11.4,1,1,17,08:51 AM,09:37 PM,07:14 AM,06:51 PM,7,13,13,13,6,5,65,0.0,1028,13,10,314,5
2019-03-09 09:00:00,18,13,0.0,11.4,1,1,17,08:51 AM,09:37 PM,07:14 AM,06:51 PM,6,14,14,14,8,5,57,0.0,1029,14,10,308,7
2019-03-09 12:00:00,18,13,0.0,11.4,1,1,17,08:51 AM,09:37 PM,07:14 AM,06:51 PM,5,17,17,17,11,4,47,0.0,1029,17,10,257,9
2019-03-09 15:00:00,18,13,0.0,11.4,1,1,17,08:51 AM,09:37 PM,07:14 AM,06:51 PM,6,18,18,18,18,4,45,0.0,1028,18,10,224,15
2019-03-09 18:00:00,18,13,0.0,11.4,1,1,17,08:51 AM,09:37 PM,07:14 AM,06:51 PM,7,17,17,17,22,12,52,0.0,1027,17,10,226,16
2019-03-09 21:00:00,18,13,0.0,11.4,1,1,17,08:51 AM,09:37 PM,07:14 AM,06:51 PM,8,16,16,16,17,9,58,0.0,1028,16,10,239,12
2019-03-10 00:00:00,21,14,0.0,11.4,1,1,24,09:18 AM,10:38 PM,07:12 AM,06:52 PM,9,15,15,15,11,5,64,0.0,1029,15,10,246,8
2019-03-10 03:00:00,21,14,0.0,11.4,1,1,24,09:18 AM,10:38 PM,07:12 AM,06:52 PM,9,15,15,15,9,5,67,0.0,1028,15,10,264,7
2019-03-10 06:00:00,21,14,0.0,11.4,1,1,24,09:18 AM,10:38 PM,07:12 AM,06:52 PM,9,15,15,15,10,5,67,0.0,1027,15,10,289,6
2019-03-10 09:00:00,21,14,0.0,11.4,1,1,24,09:18 AM,10:38 PM,07:12 AM,06:52 PM,9,16,16,16,8,3,62,0.0,1027,16,10,298,6
2019-03-10 12:00:00,21,14,0.0,11.4,1,1,24,09:18 AM,10:38 PM,07:12 AM,06:52 PM,10,20,20,20,9,2,54,0.0,1026,20,10,242,8
2019-03-10 15:00:00,21,14,0.0,11.4,1,1,24,09:18 AM,10:38 PM,07:12 AM,06:52 PM,10,20,20,20,15,6,51,0.0,1025,20,10,190,13
2019-03-10 18:00:00,21,14,0.0,11.4,1,1,24,09:18 AM,10:38 PM,07:12 AM,06:52 PM,10,18,18,18,15,10,59,0.0,1025,18,10,131,13
2019-03-10 21:00:00,21,14,0.0,11.4,1,1,24,09:18 AM,10:38 PM,07:12 AM,06:52 PM,10,16,16,16,13,11,68,0.0,1026,16,10,98,10
2019-03-11 00:00:00,15,13,0.0,8.7,1,1,32,09:47 AM,11:41 PM,07:11 AM,06:53 PM,11,15,15,15,9,32,76,0.0,1027,15,10,86,7
2019-03-11 03:00:00,15,13,0.0,8.7,1,1,32,09:47 AM,11:41 PM,07:11 AM,06:53 PM,10,14,14,14,13,41,75,0.0,1027,14,10,59,10
2019-03-11 06:00:00,15,13,0.0,8.7,1,1,32,09:47 AM,11:41 PM,07:11 AM,06:53 PM,10,12,13,12,17,80,79,0.0,1028,13,10,69,13
2019-03-11 09:00:00,15,13,0.0,8.7,1,1,32,09:47 AM,11:41 PM,07:11 AM,06:53 PM,10,13,13,13,9,100,79,0.1,1029,13,10,84,7
2019-03-11 12:00:00,15,13,0.0,8.7,1,1,32,09:47 AM,11:41 PM,07:11 AM,06:53 PM,9,14,14,14,9,93,74,0.0,1029,14,10,164,8
2019-03-11 15:00:00,15,13,0.0,8.7,1,1,32,09:47 AM,11:41 PM,07:11 AM,06:53 PM,9,13,14,13,16,48,69,0.0,1029,14,10,213,14
2019-03-11 18:00:00,15,13,0.0,8.7,1,1,32,09:47 AM,11:41 PM,07:11 AM,06:53 PM,9,13,14,13,21,25,70,0.0,1029,14,10,217,17
2019-03-11 21:00:00,15,13,0.0,8.7,1,1,32,09:47 AM,11:41 PM,07:11 AM,06:53 PM,9,12,13,12,19,49,75,0.0,1031,13,10,223,15
