date_time,maxtempC,mintempC,totalSnow_cm,sunHour,uvIndex,uvIndex,moon_illumination,moonrise,moonset,sunrise,sunset,DewPointC,FeelsLikeC,HeatIndexC,WindChillC,WindGustKmph,cloudcover,humidity,precipMM,pressure,tempC,visibility,winddirDegree,windspeedKmph
2018-12-11 00:00:00,26,21,0.0,13.4,1,1,21,09:02 AM,11:18 PM,05:25 AM,07:52 PM,14,21,21,21,38,33,65,0.0,1013,21,10,39,18
2018-12-11 03:00:00,26,21,0.0,13.4,1,1,21,09:02 AM,11:18 PM,05:25 AM,07:52 PM,14,21,21,21,38,85,67,0.0,1013,21,10,31,21
2018-12-11 06:00:00,26,21,0.0,13.4,1,1,21,09:02 AM,11:18 PM,05:25 AM,07:52 PM,15,21,24,21,37,5,70,0.0,1013,21,10,32,22
2018-12-11 09:00:00,26,21,0.0,13.4,1,1,21,09:02 AM,11:18 PM,05:25 AM,07:52 PM,17,26,26,24,37,8,67,0.0,1012,24,10,31,24
2018-12-11 12:00:00,26,21,0.0,13.4,1,1,21,09:02 AM,11:18 PM,05:25 AM,07:52 PM,20,27,27,26,40,50,70,0.6,1011,26,9,339,26
2018-12-11 15:00:00,26,21,0.0,13.4,1,1,21,09:02 AM,11:18 PM,05:25 AM,07:52 PM,20,25,25,23,56,67,84,0.0,1010,23,10,352,38
2018-12-11 18:00:00,26,21,0.0,13.4,1,1,21,09:02 AM,11:18 PM,05:25 AM,07:52 PM,21,27,27,25,30,32,78,0.1,1008,25,10,303,18
2018-12-11 21:00:00,26,21,0.0,13.4,1,1,21,09:02 AM,11:18 PM,05:25 AM,07:52 PM,19,21,24,21,22,16,86,0.0,1009,21,10,287,13
2018-12-12 00:00:00,25,19,0.0,14.3,1,1,29,09:57 AM,11:55 PM,05:25 AM,07:53 PM,19,21,21,21,25,10,90,0.1,1010,21,10,233,15
2018-12-12 03:00:00,25,19,0.0,14.3,1,1,29,09:57 AM,11:55 PM,05:25 AM,07:53 PM,19,20,20,20,29,17,91,0.0,1011,20,10,258,18
2018-12-12 06:00:00,25,19,0.0,14.3,1,1,29,09:57 AM,11:55 PM,05:25 AM,07:53 PM,19,20,20,20,25,26,93,0.0,1012,20,10,227,15
2018-12-12 09:00:00,25,19,0.0,14.3,1,1,29,09:57 AM,11:55 PM,05:25 AM,07:53 PM,19,25,25,24,21,0,78,0.0,1013,24,10,210,17
2018-12-12 12:00:00,25,19,0.0,14.3,1,1,29,09:57 AM,11:55 PM,05:25 AM,07:53 PM,16,26,26,25,20,0,57,0.0,1015,25,10,167,17
2018-12-12 15:00:00,25,19,0.0,14.3,1,1,29,09:57 AM,11:55 PM,05:25 AM,07:53 PM,13,25,25,24,25,0,49,0.0,1015,24,10,146,20
2018-12-12 18:00:00,25,19,0.0,14.3,1,1,29,09:57 AM,11:55 PM,05:25 AM,07:53 PM,12,25,25,23,29,0,50,0.0,1015,23,10,113,21
2018-12-12 21:00:00,25,19,0.0,14.3,1,1,29,09:57 AM,11:55 PM,05:25 AM,07:53 PM,10,19,19,19,38,0,55,0.0,1016,19,10,98,22
2018-12-13 00:00:00,25,17,0.0,12.3,1,1,36,10:51 AM,No moonset,05:25 AM,07:53 PM,9,18,18,18,40,0,56,0.0,1016,18,10,80,22
2018-12-13 03:00:00,25,17,0.0,12.3,1,1,36,10:51 AM,No moonset,05:25 AM,07:53 PM,8,18,18,18,40,0,53,0.0,1015,18,10,66,23
2018-12-13 06:00:00,25,17,0.0,12.3,1,1,36,10:51 AM,No moonset,05:25 AM,07:53 PM,7,17,17,17,43,10,50,0.0,1016,17,10,53,24
2018-12-13 09:00:00,25,17,0.0,12.3,1,1,36,10:51 AM,No moonset,05:25 AM,07:53 PM,9,21,21,21,37,35,46,0.0,1015,21,10,58,28
2018-12-13 12:00:00,25,17,0.0,12.3,1,1,36,10:51 AM,No moonset,05:25 AM,07:53 PM,12,25,25,24,33,59,48,0.1,1013,24,10,62,22
2018-12-13 15:00:00,25,17,0.0,12.3,1,1,36,10:51 AM,No moonset,05:25 AM,07:53 PM,16,26,26,25,40,67,57,0.0,1011,25,10,103,26
2018-12-13 18:00:00,25,17,0.0,12.3,1,1,36,10:51 AM,No moonset,05:25 AM,07:53 PM,17,25,25,22,57,76,71,1.7,1009,22,10,72,37
2018-12-13 21:00:00,25,17,0.0,12.3,1,1,36,10:51 AM,No moonset,05:25 AM,07:53 PM,14,17,17,17,46,44,85,0.0,1009,17,10,65,33
2018-12-14 00:00:00,23,18,0.0,12.3,1,1,43,11:47 AM,12:28 AM,05:25 AM,07:54 PM,16,18,18,18,83,74,89,9.4,1007,18,3,39,40
2018-12-14 03:00:00,23,18,0.0,12.3,1,1,43,11:47 AM,12:28 AM,05:25 AM,07:54 PM,18,19,19,19,48,100,92,0.0,1005,19,10,26,32
2018-12-14 06:00:00,23,18,0.0,12.3,1,1,43,11:47 AM,12:28 AM,05:25 AM,07:54 PM,19,21,21,21,51,64,92,5.7,1005,21,8,13,33
2018-12-14 09:00:00,23,18,0.0,12.3,1,1,43,11:47 AM,12:28 AM,05:25 AM,07:54 PM,20,21,24,21,32,58,92,0.0,1004,21,10,1,22
2018-12-14 12:00:00,23,18,0.0,12.3,1,1,43,11:47 AM,12:28 AM,05:25 AM,07:54 PM,21,25,25,23,30,74,89,0.2,1005,23,10,268,21
2018-12-14 15:00:00,23,18,0.0,12.3,1,1,43,11:47 AM,12:28 AM,05:25 AM,07:54 PM,19,25,25,23,32,32,79,0.0,1007,23,10,246,24
2018-12-14 18:00:00,23,18,0.0,12.3,1,1,43,11:47 AM,12:28 AM,05:25 AM,07:54 PM,19,25,25,23,30,10,78,0.0,1008,23,10,261,21
2018-12-14 21:00:00,23,18,0.0,12.3,1,1,43,11:47 AM,12:28 AM,05:25 AM,07:54 PM,18,20,20,20,29,0,87,0.0,1011,20,10,294,16
2018-12-15 00:00:00,24,18,0.0,14.3,1,1,51,12:42 PM,12:59 AM,05:26 AM,07:55 PM,15,20,20,20,41,0,73,0.0,1013,20,10,253,22
2018-12-15 03:00:00,24,18,0.0,14.3,1,1,51,12:42 PM,12:59 AM,05:26 AM,07:55 PM,11,19,19,19,42,0,59,0.0,1014,19,10,232,22
2018-12-15 06:00:00,24,18,0.0,14.3,1,1,51,12:42 PM,12:59 AM,05:26 AM,07:55 PM,11,18,18,18,38,0,63,0.0,1016,18,10,224,21
2018-12-15 09:00:00,24,18,0.0,14.3,1,1,51,12:42 PM,12:59 AM,05:26 AM,07:55 PM,11,21,24,21,22,0,54,0.0,1018,21,10,202,17
2018-12-15 12:00:00,24,18,0.0,14.3,1,1,51,12:42 PM,12:59 AM,05:26 AM,07:55 PM,11,25,25,24,7,0,44,0.0,1018,23,10,200,6
2018-12-15 15:00:00,24,18,0.0,14.3,1,1,51,12:42 PM,12:59 AM,05:26 AM,07:55 PM,10,25,25,24,10,0,41,0.0,1017,24,10,260,8
2018-12-15 18:00:00,24,18,0.0,14.3,1,1,51,12:42 PM,12:59 AM,05:26 AM,07:55 PM,13,25,25,24,12,0,49,0.0,1016,24,10,230,8
2018-12-15 21:00:00,24,18,0.0,14.3,1,1,51,12:42 PM,12:59 AM,05:26 AM,07:55 PM,12,21,21,21,18,0,56,0.0,1016,21,10,40,9
2018-12-16 00:00:00,28,17,0.0,14.3,1,1,58,01:39 PM,01:30 AM,05:26 AM,07:55 PM,13,20,20,20,28,0,64,0.0,1017,19,10,21,14
2018-12-16 03:00:00,28,17,0.0,14.3,1,1,58,01:39 PM,01:30 AM,05:26 AM,07:55 PM,13,18,18,18,32,0,70,0.0,1016,18,10,2,17
2018-12-16 06:00:00,28,17,0.0,14.3,1,1,58,01:39 PM,01:30 AM,05:26 AM,07:55 PM,13,17,17,17,36,0,76,0.0,1017,17,10,0,20
2018-12-16 09:00:00,28,17,0.0,14.3,1,1,58,01:39 PM,01:30 AM,05:26 AM,07:55 PM,14,22,25,22,24,0,60,0.0,1016,22,10,355,19
2018-12-16 12:00:00,28,17,0.0,14.3,1,1,58,01:39 PM,01:30 AM,05:26 AM,07:55 PM,16,27,27,26,19,0,55,0.0,1015,26,10,335,14
2018-12-16 15:00:00,28,17,0.0,14.3,1,1,58,01:39 PM,01:30 AM,05:26 AM,07:55 PM,19,29,29,27,18,0,58,0.0,1012,27,10,324,12
2018-12-16 18:00:00,28,17,0.0,14.3,1,1,58,01:39 PM,01:30 AM,05:26 AM,07:55 PM,20,30,30,28,20,0,65,0.0,1010,28,10,338,12
2018-12-16 21:00:00,28,17,0.0,14.3,1,1,58,01:39 PM,01:30 AM,05:26 AM,07:55 PM,21,27,27,25,29,6,81,0.0,1009,25,10,355,14
2018-12-17 00:00:00,24,19,0.0,10.1,1,1,65,02:36 PM,02:00 AM,05:26 AM,07:56 PM,21,26,26,24,32,21,85,0.0,1009,24,10,4,16
2018-12-17 03:00:00,24,19,0.0,10.1,1,1,65,02:36 PM,02:00 AM,05:26 AM,07:56 PM,22,25,25,23,30,43,93,0.0,1008,23,10,346,17
2018-12-17 06:00:00,24,19,0.0,10.1,1,1,65,02:36 PM,02:00 AM,05:26 AM,07:56 PM,22,25,25,23,32,23,94,6.9,1008,22,7,353,16
2018-12-17 09:00:00,24,19,0.0,10.1,1,1,65,02:36 PM,02:00 AM,05:26 AM,07:56 PM,21,26,26,23,28,77,86,0.0,1009,23,10,165,19
2018-12-17 12:00:00,24,19,0.0,10.1,1,1,65,02:36 PM,02:00 AM,05:26 AM,07:56 PM,20,22,24,22,41,61,87,2.1,1011,22,9,167,31
2018-12-17 15:00:00,24,19,0.0,10.1,1,1,65,02:36 PM,02:00 AM,05:26 AM,07:56 PM,18,20,20,20,34,100,85,0.0,1012,20,10,154,27
2018-12-17 18:00:00,24,19,0.0,10.1,1,1,65,02:36 PM,02:00 AM,05:26 AM,07:56 PM,17,20,20,20,36,94,85,0.1,1013,20,10,153,28
2018-12-17 21:00:00,24,19,0.0,10.1,1,1,65,02:36 PM,02:00 AM,05:26 AM,07:56 PM,16,19,19,19,41,95,83,0.0,1016,19,10,143,31
2018-12-18 00:00:00,21,18,0.0,13.4,1,1,72,03:37 PM,02:31 AM,05:27 AM,07:56 PM,15,19,19,19,39,94,82,0.1,1017,19,10,140,28
2018-12-18 03:00:00,21,18,0.0,13.4,1,1,72,03:37 PM,02:31 AM,05:27 AM,07:56 PM,15,18,18,18,39,100,80,0.0,1017,18,10,134,29
2018-12-18 06:00:00,21,18,0.0,13.4,1,1,72,03:37 PM,02:31 AM,05:27 AM,07:56 PM,14,18,18,18,38,98,79,0.1,1019,18,10,122,28
2018-12-18 09:00:00,21,18,0.0,13.4,1,1,72,03:37 PM,02:31 AM,05:27 AM,07:56 PM,14,18,18,18,30,54,76,0.0,1020,18,10,113,23
2018-12-18 12:00:00,21,18,0.0,13.4,1,1,72,03:37 PM,02:31 AM,05:27 AM,07:56 PM,15,21,21,21,26,43,69,0.0,1020,21,10,116,23
2018-12-18 15:00:00,21,18,0.0,13.4,1,1,72,03:37 PM,02:31 AM,05:27 AM,07:56 PM,15,20,20,20,31,26,74,0.0,1020,20,10,118,26
2018-12-18 18:00:00,21,18,0.0,13.4,1,1,72,03:37 PM,02:31 AM,05:27 AM,07:56 PM,15,20,20,20,31,9,73,0.0,1019,20,10,107,24
2018-12-18 21:00:00,21,18,0.0,13.4,1,1,72,03:37 PM,02:31 AM,05:27 AM,07:56 PM,14,19,19,19,23,55,75,0.0,1019,19,10,85,17
2018-12-19 00:00:00,23,17,0.0,11.2,1,1,80,04:40 PM,03:05 AM,05:27 AM,07:57 PM,15,18,18,18,29,65,79,0.0,1018,18,10,52,21
2018-12-19 03:00:00,23,17,0.0,11.2,1,1,80,04:40 PM,03:05 AM,05:27 AM,07:57 PM,14,17,17,17,25,85,82,0.0,1017,17,10,31,18
2018-12-19 06:00:00,23,17,0.0,11.2,1,1,80,04:40 PM,03:05 AM,05:27 AM,07:57 PM,15,18,18,18,20,87,85,0.0,1016,18,10,23,14
2018-12-19 09:00:00,23,17,0.0,11.2,1,1,80,04:40 PM,03:05 AM,05:27 AM,07:57 PM,16,20,20,20,19,56,81,0.0,1015,20,10,23,14
2018-12-19 12:00:00,23,17,0.0,11.2,1,1,80,04:40 PM,03:05 AM,05:27 AM,07:57 PM,17,25,25,23,13,33,69,0.0,1014,23,10,51,12
2018-12-19 15:00:00,23,17,0.0,11.2,1,1,80,04:40 PM,03:05 AM,05:27 AM,07:57 PM,18,25,25,23,11,74,71,0.0,1013,23,10,62,8
2018-12-19 18:00:00,23,17,0.0,11.2,1,1,80,04:40 PM,03:05 AM,05:27 AM,07:57 PM,19,25,25,23,16,64,80,0.3,1011,23,10,53,11
2018-12-19 21:00:00,23,17,0.0,11.2,1,1,80,04:40 PM,03:05 AM,05:27 AM,07:57 PM,18,21,21,21,18,48,86,0.0,1010,21,10,47,11
2018-12-20 00:00:00,24,19,0.0,11.2,1,1,87,05:46 PM,03:44 AM,05:28 AM,07:58 PM,18,20,20,20,25,43,90,0.0,1010,20,10,38,15
2018-12-20 03:00:00,24,19,0.0,11.2,1,1,87,05:46 PM,03:44 AM,05:28 AM,07:58 PM,18,19,19,19,16,70,93,0.0,1009,19,10,27,10
2018-12-20 06:00:00,24,19,0.0,11.2,1,1,87,05:46 PM,03:44 AM,05:28 AM,07:58 PM,18,19,19,19,8,68,93,0.0,1009,19,10,33,5
2018-12-20 09:00:00,24,19,0.0,11.2,1,1,87,05:46 PM,03:44 AM,05:28 AM,07:58 PM,20,25,25,23,5,61,82,0.0,1009,23,10,46,4
2018-12-20 12:00:00,24,19,0.0,11.2,1,1,87,05:46 PM,03:44 AM,05:28 AM,07:58 PM,20,26,26,24,17,28,75,1.6,1008,24,9,135,12
2018-12-20 15:00:00,24,19,0.0,11.2,1,1,87,05:46 PM,03:44 AM,05:28 AM,07:58 PM,20,26,26,24,25,30,77,0.0,1007,24,10,96,19
2018-12-20 18:00:00,24,19,0.0,11.2,1,1,87,05:46 PM,03:44 AM,05:28 AM,07:58 PM,20,26,26,24,22,87,81,1.7,1006,24,10,82,15
2018-12-20 21:00:00,24,19,0.0,11.2,1,1,87,05:46 PM,03:44 AM,05:28 AM,07:58 PM,19,21,24,21,28,46,89,0.0,1007,21,10,80,17
2018-12-21 00:00:00,26,20,0.0,14.3,1,1,94,06:53 PM,04:27 AM,05:28 AM,07:58 PM,19,21,21,21,24,16,90,0.0,1007,21,10,16,14
2018-12-21 03:00:00,26,20,0.0,14.3,1,1,94,06:53 PM,04:27 AM,05:28 AM,07:58 PM,18,20,20,20,15,36,92,0.0,1006,20,10,312,9
2018-12-21 06:00:00,26,20,0.0,14.3,1,1,94,06:53 PM,04:27 AM,05:28 AM,07:58 PM,19,20,20,20,9,51,91,0.0,1006,20,10,247,6
2018-12-21 09:00:00,26,20,0.0,14.3,1,1,94,06:53 PM,04:27 AM,05:28 AM,07:58 PM,19,22,24,22,8,48,81,1.9,1007,22,10,269,6
2018-12-21 12:00:00,26,20,0.0,14.3,1,1,94,06:53 PM,04:27 AM,05:28 AM,07:58 PM,16,27,27,26,23,1,57,0.0,1006,26,10,266,20
2018-12-21 15:00:00,26,20,0.0,14.3,1,1,94,06:53 PM,04:27 AM,05:28 AM,07:58 PM,19,25,25,24,36,17,74,0.0,1004,24,10,255,29
2018-12-21 18:00:00,26,20,0.0,14.3,1,1,94,06:53 PM,04:27 AM,05:28 AM,07:58 PM,19,25,25,24,36,5,74,0.0,1004,23,10,245,26
2018-12-21 21:00:00,26,20,0.0,14.3,1,1,94,06:53 PM,04:27 AM,05:28 AM,07:58 PM,19,21,24,21,22,45,87,0.0,1005,21,10,211,13
2018-12-22 00:00:00,22,19,0.0,11.2,1,1,100,08:00 PM,05:19 AM,05:28 AM,07:58 PM,18,20,20,20,27,70,88,0.2,1007,20,10,209,16
2018-12-22 03:00:00,22,19,0.0,11.2,1,1,100,08:00 PM,05:19 AM,05:28 AM,07:58 PM,17,20,20,20,25,86,86,0.0,1007,20,10,225,16
2018-12-22 06:00:00,22,19,0.0,11.2,1,1,100,08:00 PM,05:19 AM,05:28 AM,07:58 PM,17,20,20,20,28,73,87,0.3,1008,20,10,196,19
2018-12-22 09:00:00,22,19,0.0,11.2,1,1,100,08:00 PM,05:19 AM,05:28 AM,07:58 PM,18,21,21,21,25,88,81,0.0,1010,21,10,189,19
2018-12-22 12:00:00,22,19,0.0,11.2,1,1,100,08:00 PM,05:19 AM,05:28 AM,07:58 PM,17,21,24,21,27,68,79,0.2,1010,21,10,174,21
2018-12-22 15:00:00,22,19,0.0,11.2,1,1,100,08:00 PM,05:19 AM,05:28 AM,07:58 PM,17,22,24,22,21,44,77,0.0,1011,22,10,169,18
2018-12-22 18:00:00,22,19,0.0,11.2,1,1,100,08:00 PM,05:19 AM,05:28 AM,07:58 PM,16,21,24,21,21,7,74,0.0,1011,21,10,158,16
2018-12-22 21:00:00,22,19,0.0,11.2,1,1,100,08:00 PM,05:19 AM,05:28 AM,07:58 PM,16,19,19,19,24,0,82,0.0,1013,19,10,122,14
2018-12-23 00:00:00,25,17,0.0,14.3,1,1,100,09:03 PM,06:17 AM,05:29 AM,07:59 PM,15,18,18,18,18,0,83,0.0,1014,18,10,82,11
2018-12-23 03:00:00,25,17,0.0,14.3,1,1,100,09:03 PM,06:17 AM,05:29 AM,07:59 PM,15,17,17,17,15,7,87,0.0,1014,17,10,29,9
2018-12-23 06:00:00,25,17,0.0,14.3,1,1,100,09:03 PM,06:17 AM,05:29 AM,07:59 PM,14,17,17,17,14,9,88,0.0,1015,17,10,3,8
2018-12-23 09:00:00,25,17,0.0,14.3,1,1,100,09:03 PM,06:17 AM,05:29 AM,07:59 PM,17,23,25,23,3,0,70,0.0,1016,21,10,337,3
2018-12-23 12:00:00,25,17,0.0,14.3,1,1,100,09:03 PM,06:17 AM,05:29 AM,07:59 PM,14,25,25,24,8,0,53,0.0,1016,24,10,144,7
2018-12-23 15:00:00,25,17,0.0,14.3,1,1,100,09:03 PM,06:17 AM,05:29 AM,07:59 PM,14,26,26,25,11,1,50,0.0,1015,25,10,132,9
2018-12-23 18:00:00,25,17,0.0,14.3,1,1,100,09:03 PM,06:17 AM,05:29 AM,07:59 PM,15,26,26,25,15,2,51,0.0,1014,25,10,111,11
2018-12-23 21:00:00,25,17,0.0,14.3,1,1,100,09:03 PM,06:17 AM,05:29 AM,07:59 PM,14,22,25,22,28,0,60,0.0,1015,22,10,70,14
2018-12-24 00:00:00,28,18,0.0,14.3,1,1,84,09:59 PM,07:22 AM,05:30 AM,07:59 PM,15,20,20,20,29,0,71,0.0,1016,20,10,38,16
2018-12-24 03:00:00,28,18,0.0,14.3,1,1,84,09:59 PM,07:22 AM,05:30 AM,07:59 PM,16,19,19,19,30,3,85,0.0,1016,19,10,11,18
2018-12-24 06:00:00,28,18,0.0,14.3,1,1,84,09:59 PM,07:22 AM,05:30 AM,07:59 PM,16,18,18,18,27,4,88,0.0,1016,18,10,357,16
2018-12-24 09:00:00,28,18,0.0,14.3,1,1,84,09:59 PM,07:22 AM,05:30 AM,07:59 PM,17,25,25,23,16,4,72,0.0,1017,23,10,355,13
2018-12-24 12:00:00,28,18,0.0,14.3,1,1,84,09:59 PM,07:22 AM,05:30 AM,07:59 PM,18,28,28,27,6,3,57,0.0,1017,27,10,47,5
2018-12-24 15:00:00,28,18,0.0,14.3,1,1,84,09:59 PM,07:22 AM,05:30 AM,07:59 PM,16,29,29,28,13,3,50,0.0,1016,28,10,93,10
2018-12-24 18:00:00,28,18,0.0,14.3,1,1,84,09:59 PM,07:22 AM,05:30 AM,07:59 PM,18,29,29,27,23,3,56,0.0,1014,27,10,87,15
2018-12-24 21:00:00,28,18,0.0,14.3,1,1,84,09:59 PM,07:22 AM,05:30 AM,07:59 PM,17,25,25,24,30,1,67,0.0,1015,24,10,53,15
2018-12-25 00:00:00,28,18,0.0,14.5,1,1,77,10:49 PM,08:31 AM,05:30 AM,08:00 PM,16,25,25,23,24,0,65,0.0,1014,23,10,33,15
2018-12-25 03:00:00,28,18,0.0,14.5,1,1,77,10:49 PM,08:31 AM,05:30 AM,08:00 PM,17,20,20,20,37,0,83,0.0,1014,20,10,18,22
2018-12-25 06:00:00,28,18,0.0,14.5,1,1,77,10:49 PM,08:31 AM,05:30 AM,08:00 PM,15,18,18,18,34,0,81,0.0,1015,18,10,13,20
2018-12-25 09:00:00,28,18,0.0,14.5,1,1,77,10:49 PM,08:31 AM,05:30 AM,08:00 PM,15,25,25,23,23,0,63,0.0,1015,22,10,18,19
2018-12-25 12:00:00,28,18,0.0,14.5,1,1,77,10:49 PM,08:31 AM,05:30 AM,08:00 PM,15,28,28,27,18,0,49,0.0,1014,27,10,41,15
2018-12-25 15:00:00,28,18,0.0,14.5,1,1,77,10:49 PM,08:31 AM,05:30 AM,08:00 PM,17,29,29,28,23,0,49,0.0,1013,28,10,73,17
2018-12-25 18:00:00,28,18,0.0,14.5,1,1,77,10:49 PM,08:31 AM,05:30 AM,08:00 PM,18,29,29,28,29,0,56,0.0,1012,28,10,64,18
2018-12-25 21:00:00,28,18,0.0,14.5,1,1,77,10:49 PM,08:31 AM,05:30 AM,08:00 PM,18,26,26,24,37,0,70,0.0,1012,24,10,52,19
2018-12-26 00:00:00,28,19,0.0,14.5,1,1,69,11:33 PM,09:41 AM,05:31 AM,08:00 PM,17,21,24,21,38,0,77,0.0,1013,21,10,42,23
2018-12-26 03:00:00,28,19,0.0,14.5,1,1,69,11:33 PM,09:41 AM,05:31 AM,08:00 PM,17,20,20,20,36,0,84,0.0,1012,20,10,39,23
2018-12-26 06:00:00,28,19,0.0,14.5,1,1,69,11:33 PM,09:41 AM,05:31 AM,08:00 PM,17,19,19,19,30,3,87,0.0,1013,19,10,36,19
2018-12-26 09:00:00,28,19,0.0,14.5,1,1,69,11:33 PM,09:41 AM,05:31 AM,08:00 PM,18,25,25,23,20,0,72,0.0,1013,23,10,41,17
2018-12-26 12:00:00,28,19,0.0,14.5,1,1,69,11:33 PM,09:41 AM,05:31 AM,08:00 PM,19,29,29,27,16,0,62,0.0,1012,27,10,77,13
2018-12-26 15:00:00,28,19,0.0,14.5,1,1,69,11:33 PM,09:41 AM,05:31 AM,08:00 PM,19,30,30,28,28,0,58,0.0,1011,28,10,94,21
2018-12-26 18:00:00,28,19,0.0,14.5,1,1,69,11:33 PM,09:41 AM,05:31 AM,08:00 PM,19,30,30,28,32,0,59,0.0,1010,28,10,77,22
2018-12-26 21:00:00,28,19,0.0,14.5,1,1,69,11:33 PM,09:41 AM,05:31 AM,08:00 PM,19,26,26,25,43,0,71,0.0,1009,25,10,50,25
2018-12-27 00:00:00,29,20,0.0,14.5,1,1,62,No moonrise,10:50 AM,05:31 AM,08:00 PM,19,25,25,22,42,0,83,0.0,1009,22,10,43,28
2018-12-27 03:00:00,29,20,0.0,14.5,1,1,62,No moonrise,10:50 AM,05:31 AM,08:00 PM,19,21,21,21,40,20,89,0.0,1009,21,10,34,27
2018-12-27 06:00:00,29,20,0.0,14.5,1,1,62,No moonrise,10:50 AM,05:31 AM,08:00 PM,19,20,20,20,34,26,91,0.0,1009,20,10,28,22
2018-12-27 09:00:00,29,20,0.0,14.5,1,1,62,No moonrise,10:50 AM,05:31 AM,08:00 PM,20,26,26,24,31,5,78,0.0,1009,24,10,17,25
2018-12-27 12:00:00,29,20,0.0,14.5,1,1,62,No moonrise,10:50 AM,05:31 AM,08:00 PM,21,31,31,29,17,13,64,0.0,1008,29,10,346,13
2018-12-27 15:00:00,29,20,0.0,14.5,1,1,62,No moonrise,10:50 AM,05:31 AM,08:00 PM,22,33,33,29,9,28,67,0.0,1006,29,10,327,6
2018-12-27 18:00:00,29,20,0.0,14.5,1,1,62,No moonrise,10:50 AM,05:31 AM,08:00 PM,22,33,33,29,3,28,67,0.0,1005,29,10,201,2
2018-12-27 21:00:00,29,20,0.0,14.5,1,1,62,No moonrise,10:50 AM,05:31 AM,08:00 PM,22,28,28,26,16,9,77,0.0,1007,26,10,176,9
2018-12-28 00:00:00,28,23,0.0,14.5,1,1,55,12:11 AM,11:57 AM,05:32 AM,08:01 PM,22,28,28,25,5,5,84,0.1,1007,25,10,54,3
2018-12-28 03:00:00,28,23,0.0,14.5,1,1,55,12:11 AM,11:57 AM,05:32 AM,08:01 PM,22,27,27,25,4,14,85,0.0,1007,24,10,351,2
2018-12-28 06:00:00,28,23,0.0,14.5,1,1,55,12:11 AM,11:57 AM,05:32 AM,08:01 PM,21,26,26,24,16,15,86,0.8,1009,23,9,152,9
2018-12-28 09:00:00,28,23,0.0,14.5,1,1,55,12:11 AM,11:57 AM,05:32 AM,08:01 PM,21,28,28,26,25,10,77,0.0,1010,26,10,126,19
2018-12-28 12:00:00,28,23,0.0,14.5,1,1,55,12:11 AM,11:57 AM,05:32 AM,08:01 PM,21,29,29,27,22,9,67,0.6,1010,27,10,120,18
2018-12-28 15:00:00,28,23,0.0,14.5,1,1,55,12:11 AM,11:57 AM,05:32 AM,08:01 PM,20,29,29,28,30,9,65,0.0,1009,28,10,122,25
2018-12-28 18:00:00,28,23,0.0,14.5,1,1,55,12:11 AM,11:57 AM,05:32 AM,08:01 PM,19,28,28,26,37,9,63,0.0,1009,26,10,118,28
2018-12-28 21:00:00,28,23,0.0,14.5,1,1,55,12:11 AM,11:57 AM,05:32 AM,08:01 PM,17,25,25,23,45,8,66,0.0,1009,23,10,96,31
2018-12-29 00:00:00,30,22,0.0,14.5,1,1,48,12:46 AM,01:01 PM,05:33 AM,08:01 PM,18,25,25,23,38,10,74,0.3,1009,23,10,85,26
2018-12-29 03:00:00,30,22,0.0,14.5,1,1,48,12:46 AM,01:01 PM,05:33 AM,08:01 PM,20,25,25,22,31,67,86,0.0,1009,22,10,68,21
2018-12-29 06:00:00,30,22,0.0,14.5,1,1,48,12:46 AM,01:01 PM,05:33 AM,08:01 PM,20,25,25,22,25,24,90,3.1,1009,22,7,57,15
2018-12-29 09:00:00,30,22,0.0,14.5,1,1,48,12:46 AM,01:01 PM,05:33 AM,08:01 PM,21,27,27,25,16,47,78,0.0,1009,25,10,43,13
2018-12-29 12:00:00,30,22,0.0,14.5,1,1,48,12:46 AM,01:01 PM,05:33 AM,08:01 PM,22,28,28,26,29,46,78,7.3,1008,26,7,31,14
2018-12-29 15:00:00,30,22,0.0,14.5,1,1,48,12:46 AM,01:01 PM,05:33 AM,08:01 PM,23,32,32,29,30,13,72,0.0,1006,29,10,31,21
2018-12-29 18:00:00,30,22,0.0,14.5,1,1,48,12:46 AM,01:01 PM,05:33 AM,08:01 PM,23,34,34,30,18,13,66,0.2,1005,30,10,20,11
2018-12-29 21:00:00,30,22,0.0,14.5,1,1,48,12:46 AM,01:01 PM,05:33 AM,08:01 PM,22,29,29,27,24,2,78,0.0,1005,26,10,10,12
2018-12-30 00:00:00,26,20,0.0,13.4,1,1,40,01:20 AM,02:03 PM,05:33 AM,08:01 PM,22,28,28,26,36,3,78,0.0,1003,26,10,8,19
2018-12-30 03:00:00,26,20,0.0,13.4,1,1,40,01:20 AM,02:03 PM,05:33 AM,08:01 PM,21,28,28,25,42,8,79,0.0,1002,25,10,358,25
2018-12-30 06:00:00,26,20,0.0,13.4,1,1,40,01:20 AM,02:03 PM,05:33 AM,08:01 PM,22,26,26,24,52,62,89,12.2,1006,24,3,256,25
2018-12-30 09:00:00,26,20,0.0,13.4,1,1,40,01:20 AM,02:03 PM,05:33 AM,08:01 PM,19,25,25,23,41,20,77,0.0,1008,23,10,252,32
2018-12-30 12:00:00,26,20,0.0,13.4,1,1,40,01:20 AM,02:03 PM,05:33 AM,08:01 PM,17,26,26,24,35,7,63,0.0,1010,24,10,222,30
2018-12-30 15:00:00,26,20,0.0,13.4,1,1,40,01:20 AM,02:03 PM,05:33 AM,08:01 PM,14,26,26,24,35,0,54,0.0,1011,24,10,188,30
2018-12-30 18:00:00,26,20,0.0,13.4,1,1,40,01:20 AM,02:03 PM,05:33 AM,08:01 PM,14,25,25,24,33,0,54,0.0,1011,24,10,154,25
2018-12-30 21:00:00,26,20,0.0,13.4,1,1,40,01:20 AM,02:03 PM,05:33 AM,08:01 PM,11,20,20,20,36,0,55,0.0,1013,20,10,117,23
2018-12-31 00:00:00,26,18,0.0,14.5,1,1,36,01:53 AM,03:05 PM,05:34 AM,08:01 PM,11,19,19,19,29,0,57,0.0,1014,19,10,95,18
2018-12-31 03:00:00,26,18,0.0,14.5,1,1,36,01:53 AM,03:05 PM,05:34 AM,08:01 PM,10,18,18,18,24,0,60,0.0,1014,18,10,91,14
2018-12-31 06:00:00,26,18,0.0,14.5,1,1,36,01:53 AM,03:05 PM,05:34 AM,08:01 PM,10,18,18,18,22,0,59,0.0,1014,18,10,96,12
2018-12-31 09:00:00,26,18,0.0,14.5,1,1,36,01:53 AM,03:05 PM,05:34 AM,08:01 PM,11,22,24,22,21,0,50,0.0,1016,22,10,88,17
2018-12-31 12:00:00,26,18,0.0,14.5,1,1,36,01:53 AM,03:05 PM,05:34 AM,08:01 PM,11,25,25,24,20,0,42,0.0,1014,24,10,78,17
2018-12-31 15:00:00,26,18,0.0,14.5,1,1,36,01:53 AM,03:05 PM,05:34 AM,08:01 PM,14,26,26,26,22,0,48,0.0,1013,26,10,95,18
2018-12-31 18:00:00,26,18,0.0,14.5,1,1,36,01:53 AM,03:05 PM,05:34 AM,08:01 PM,17,27,27,26,30,0,56,0.0,1012,26,10,89,22
2018-12-31 21:00:00,26,18,0.0,14.5,1,1,36,01:53 AM,03:05 PM,05:34 AM,08:01 PM,17,25,25,23,41,0,69,0.0,1012,23,10,68,22
2019-01-01 00:00:00,34,20,0.0,11.3,1,1,26,02:27 AM,04:05 PM,05:35 AM,08:02 PM,15,21,24,21,29,3,67,0.0,1012,21,10,51,19
2019-01-01 03:00:00,34,20,0.0,11.3,1,1,26,02:27 AM,04:05 PM,05:35 AM,08:02 PM,16,20,20,20,25,2,79,0.0,1012,20,10,46,17
2019-01-01 06:00:00,34,20,0.0,11.3,1,1,26,02:27 AM,04:05 PM,05:35 AM,08:02 PM,17,20,20,20,20,12,84,0.0,1012,20,10,41,14
2019-01-01 09:00:00,34,20,0.0,11.3,1,1,26,02:27 AM,04:05 PM,05:35 AM,08:02 PM,19,26,26,25,17,33,69,0.0,1013,25,10,36,15
2019-01-01 12:00:00,34,20,0.0,11.3,1,1,26,02:27 AM,04:05 PM,05:35 AM,08:02 PM,21,34,34,31,16,75,55,0.5,1012,31,9,35,13
2019-01-01 15:00:00,34,20,0.0,11.3,1,1,26,02:27 AM,04:05 PM,05:35 AM,08:02 PM,21,38,38,34,18,63,49,0.5,1010,34,10,45,15
2019-01-01 18:00:00,34,20,0.0,11.3,1,1,26,02:27 AM,04:05 PM,05:35 AM,08:02 PM,23,37,37,32,26,86,60,4.1,1008,32,7,20,15
2019-01-01 21:00:00,34,20,0.0,11.3,1,1,26,02:27 AM,04:05 PM,05:35 AM,08:02 PM,24,32,32,28,30,84,75,7.4,1009,28,7,20,15
2019-01-02 00:00:00,34,26,0.0,10.2,1,1,19,03:04 AM,05:04 PM,05:36 AM,08:02 PM,23,31,31,27,28,19,78,0.0,1008,27,10,3,17
2019-01-02 03:00:00,34,26,0.0,10.2,1,1,19,03:04 AM,05:04 PM,05:36 AM,08:02 PM,23,30,30,27,26,24,82,0.0,1007,27,10,343,15
2019-01-02 06:00:00,34,26,0.0,10.2,1,1,19,03:04 AM,05:04 PM,05:36 AM,08:02 PM,23,28,28,26,20,82,87,2.4,1006,26,9,331,11
2019-01-02 09:00:00,34,26,0.0,10.2,1,1,19,03:04 AM,05:04 PM,05:36 AM,08:02 PM,23,33,33,29,30,82,68,7.1,1007,29,7,281,14
2019-01-02 12:00:00,34,26,0.0,10.2,1,1,19,03:04 AM,05:04 PM,05:36 AM,08:02 PM,22,37,37,32,19,74,55,1.3,1006,32,10,307,14
2019-01-02 15:00:00,34,26,0.0,10.2,1,1,19,03:04 AM,05:04 PM,05:36 AM,08:02 PM,22,39,39,34,24,83,51,0.6,1005,34,10,316,17
2019-01-02 18:00:00,34,26,0.0,10.2,1,1,19,03:04 AM,05:04 PM,05:36 AM,08:02 PM,24,38,38,32,26,56,61,1.9,1003,32,10,306,18
2019-01-02 21:00:00,34,26,0.0,10.2,1,1,19,03:04 AM,05:04 PM,05:36 AM,08:02 PM,24,34,34,29,26,74,74,2.5,1004,29,10,295,14
2019-01-03 00:00:00,22,20,0.0,12.4,1,1,11,03:43 AM,06:01 PM,05:36 AM,08:02 PM,23,28,28,26,34,88,82,0.1,1005,26,10,209,23
2019-01-03 03:00:00,22,20,0.0,12.4,1,1,11,03:43 AM,06:01 PM,05:36 AM,08:02 PM,19,25,25,22,47,97,79,0.1,1008,22,10,189,35
2019-01-03 06:00:00,22,20,0.0,12.4,1,1,11,03:43 AM,06:01 PM,05:36 AM,08:02 PM,11,21,21,21,38,83,55,0.0,1009,21,10,174,27
2019-01-03 09:00:00,22,20,0.0,12.4,1,1,11,03:43 AM,06:01 PM,05:36 AM,08:02 PM,10,20,20,20,33,70,50,0.0,1012,20,10,175,24
2019-01-03 12:00:00,22,20,0.0,12.4,1,1,11,03:43 AM,06:01 PM,05:36 AM,08:02 PM,11,22,24,22,25,48,49,0.0,1013,22,10,165,22
2019-01-03 15:00:00,22,20,0.0,12.4,1,1,11,03:43 AM,06:01 PM,05:36 AM,08:02 PM,10,24,24,22,22,11,44,0.0,1013,22,10,160,19
2019-01-03 18:00:00,22,20,0.0,12.4,1,1,11,03:43 AM,06:01 PM,05:36 AM,08:02 PM,9,21,24,21,17,0,46,0.0,1013,21,10,140,15
2019-01-03 21:00:00,22,20,0.0,12.4,1,1,11,03:43 AM,06:01 PM,05:36 AM,08:02 PM,9,19,19,19,21,0,53,0.0,1014,19,10,92,14
2019-01-04 00:00:00,27,15,0.0,14.5,1,1,4,04:25 AM,06:56 PM,05:37 AM,08:02 PM,9,18,18,18,19,0,55,0.0,1015,18,10,46,12
2019-01-04 03:00:00,27,15,0.0,14.5,1,1,4,04:25 AM,06:56 PM,05:37 AM,08:02 PM,9,16,16,16,21,3,59,0.0,1014,16,10,17,14
2019-01-04 06:00:00,27,15,0.0,14.5,1,1,4,04:25 AM,06:56 PM,05:37 AM,08:02 PM,10,15,15,15,23,3,68,0.0,1015,15,10,353,15
2019-01-04 09:00:00,27,15,0.0,14.5,1,1,4,04:25 AM,06:56 PM,05:37 AM,08:02 PM,11,20,20,20,17,4,55,0.0,1016,20,10,321,15
2019-01-04 12:00:00,27,15,0.0,14.5,1,1,4,04:25 AM,06:56 PM,05:37 AM,08:02 PM,10,26,26,26,19,3,38,0.0,1016,26,10,260,17
2019-01-04 15:00:00,27,15,0.0,14.5,1,1,4,04:25 AM,06:56 PM,05:37 AM,08:02 PM,10,27,27,27,18,0,35,0.0,1015,27,10,233,16
2019-01-04 18:00:00,27,15,0.0,14.5,1,1,4,04:25 AM,06:56 PM,05:37 AM,08:02 PM,9,26,26,26,14,0,33,0.0,1015,26,10,168,12
2019-01-04 21:00:00,27,15,0.0,14.5,1,1,4,04:25 AM,06:56 PM,05:37 AM,08:02 PM,12,25,25,22,27,2,51,0.0,1016,22,10,105,17
2019-01-05 00:00:00,31,18,0.0,14.5,1,1,0,05:12 AM,07:48 PM,05:38 AM,08:02 PM,12,21,21,21,23,4,59,0.0,1015,21,10,48,14
2019-01-05 03:00:00,31,18,0.0,14.5,1,1,0,05:12 AM,07:48 PM,05:38 AM,08:02 PM,11,19,19,19,26,3,61,0.0,1015,19,10,27,16
2019-01-05 06:00:00,31,18,0.0,14.5,1,1,0,05:12 AM,07:48 PM,05:38 AM,08:02 PM,12,18,18,18,26,0,67,0.0,1015,18,10,5,16
2019-01-05 09:00:00,31,18,0.0,14.5,1,1,0,05:12 AM,07:48 PM,05:38 AM,08:02 PM,11,25,25,23,19,0,47,0.0,1016,23,10,357,17
2019-01-05 12:00:00,31,18,0.0,14.5,1,1,0,05:12 AM,07:48 PM,05:38 AM,08:02 PM,10,28,28,29,16,0,31,0.0,1015,29,10,10,14
2019-01-05 15:00:00,31,18,0.0,14.5,1,1,0,05:12 AM,07:48 PM,05:38 AM,08:02 PM,10,30,30,31,13,4,27,0.0,1013,31,10,29,12
2019-01-05 18:00:00,31,18,0.0,14.5,1,1,0,05:12 AM,07:48 PM,05:38 AM,08:02 PM,13,29,29,30,18,5,35,0.0,1011,30,10,31,14
2019-01-05 21:00:00,31,18,0.0,14.5,1,1,0,05:12 AM,07:48 PM,05:38 AM,08:02 PM,15,26,26,25,32,0,52,0.0,1011,25,10,29,20
2019-01-06 00:00:00,31,19,0.0,14.5,1,1,0,06:02 AM,08:34 PM,05:39 AM,08:02 PM,14,25,25,23,31,4,59,0.0,1010,23,10,31,21
2019-01-06 03:00:00,31,19,0.0,14.5,1,1,0,06:02 AM,08:34 PM,05:39 AM,08:02 PM,15,20,20,20,27,2,71,0.0,1011,20,10,28,19
2019-01-06 06:00:00,31,19,0.0,14.5,1,1,0,06:02 AM,08:34 PM,05:39 AM,08:02 PM,16,19,19,19,26,3,82,0.0,1010,19,10,20,18
2019-01-06 09:00:00,31,19,0.0,14.5,1,1,0,06:02 AM,08:34 PM,05:39 AM,08:02 PM,18,26,26,24,23,6,69,0.0,1009,24,10,11,20
2019-01-06 12:00:00,31,19,0.0,14.5,1,1,0,06:02 AM,08:34 PM,05:39 AM,08:02 PM,19,30,30,29,17,6,54,0.0,1008,29,10,353,15
2019-01-06 15:00:00,31,19,0.0,14.5,1,1,0,06:02 AM,08:34 PM,05:39 AM,08:02 PM,19,33,33,31,5,12,48,0.0,1006,31,10,17,4
2019-01-06 18:00:00,31,19,0.0,14.5,1,1,0,06:02 AM,08:34 PM,05:39 AM,08:02 PM,18,31,31,30,17,12,50,0.0,1004,30,10,124,13
2019-01-06 21:00:00,31,19,0.0,14.5,1,1,0,06:02 AM,08:34 PM,05:39 AM,08:02 PM,19,27,27,26,26,63,69,3.1,1005,26,7,63,15
2019-01-07 00:00:00,23,18,0.0,10.2,1,1,3,06:55 AM,09:16 PM,05:40 AM,08:02 PM,21,26,26,24,3,84,80,7.4,1003,24,7,65,2
2019-01-07 03:00:00,23,18,0.0,10.2,1,1,3,06:55 AM,09:16 PM,05:40 AM,08:02 PM,22,26,26,24,6,100,88,14.9,1001,24,5,141,3
2019-01-07 06:00:00,23,18,0.0,10.2,1,1,3,06:55 AM,09:16 PM,05:40 AM,08:02 PM,21,25,25,23,11,66,89,2.8,1000,23,8,172,7
2019-01-07 09:00:00,23,18,0.0,10.2,1,1,3,06:55 AM,09:16 PM,05:40 AM,08:02 PM,21,25,25,23,23,90,88,7.6,1000,23,5,190,13
2019-01-07 12:00:00,23,18,0.0,10.2,1,1,3,06:55 AM,09:16 PM,05:40 AM,08:02 PM,19,22,24,22,22,100,86,10.7,1002,22,5,231,14
2019-01-07 15:00:00,23,18,0.0,10.2,1,1,3,06:55 AM,09:16 PM,05:40 AM,08:02 PM,18,25,25,22,9,83,76,12.7,1002,22,6,299,5
2019-01-07 18:00:00,23,18,0.0,10.2,1,1,3,06:55 AM,09:16 PM,05:40 AM,08:02 PM,19,18,22,18,11,6,69,0.0,1002,18,10,290,8
2019-01-07 21:00:00,23,18,0.0,10.2,1,1,3,06:55 AM,09:16 PM,05:40 AM,08:02 PM,19,14,16,14,10,3,77,0.0,1003,14,10,345,6
2019-01-08 00:00:00,33,21,0.0,13.4,1,1,10,07:49 AM,09:54 PM,05:41 AM,08:02 PM,18,21,21,21,26,0,84,0.0,1004,21,10,348,15
2019-01-08 03:00:00,33,21,0.0,13.4,1,1,10,07:49 AM,09:54 PM,05:41 AM,08:02 PM,17,21,21,21,30,2,82,0.0,1006,21,10,335,17
2019-01-08 06:00:00,33,21,0.0,13.4,1,1,10,07:49 AM,09:54 PM,05:41 AM,08:02 PM,18,21,21,21,26,0,84,0.0,1007,21,10,321,14
2019-01-08 09:00:00,33,21,0.0,13.4,1,1,10,07:49 AM,09:54 PM,05:41 AM,08:02 PM,19,27,27,26,17,0,65,0.0,1009,26,10,305,14
2019-01-08 12:00:00,33,21,0.0,13.4,1,1,10,07:49 AM,09:54 PM,05:41 AM,08:02 PM,16,32,32,31,10,7,41,0.0,1010,31,10,279,9
2019-01-08 15:00:00,33,21,0.0,13.4,1,1,10,07:49 AM,09:54 PM,05:41 AM,08:02 PM,16,34,34,33,9,9,36,0.0,1009,33,10,24,8
2019-01-08 18:00:00,33,21,0.0,13.4,1,1,10,07:49 AM,09:54 PM,05:41 AM,08:02 PM,18,33,33,31,19,87,44,0.0,1008,31,10,22,14
2019-01-08 21:00:00,33,21,0.0,13.4,1,1,10,07:49 AM,09:54 PM,05:41 AM,08:02 PM,18,29,29,28,21,68,55,0.0,1008,28,10,46,12
2019-01-09 00:00:00,29,23,0.0,10.2,1,1,18,08:43 AM,10:28 PM,05:42 AM,08:02 PM,18,26,26,25,27,7,66,0.0,1009,25,10,70,17
2019-01-09 03:00:00,29,23,0.0,10.2,1,1,18,08:43 AM,10:28 PM,05:42 AM,08:02 PM,17,26,26,24,32,7,67,0.0,1009,24,10,41,19
2019-01-09 06:00:00,29,23,0.0,10.2,1,1,18,08:43 AM,10:28 PM,05:42 AM,08:02 PM,19,25,25,23,18,80,80,2.4,1008,23,10,25,12
2019-01-09 09:00:00,29,23,0.0,10.2,1,1,18,08:43 AM,10:28 PM,05:42 AM,08:02 PM,21,27,27,25,20,73,77,4.2,1008,25,7,16,11
2019-01-09 12:00:00,29,23,0.0,10.2,1,1,18,08:43 AM,10:28 PM,05:42 AM,08:02 PM,22,31,31,29,1,62,67,0.2,1007,29,10,69,1
2019-01-09 15:00:00,29,23,0.0,10.2,1,1,18,08:43 AM,10:28 PM,05:42 AM,08:02 PM,21,31,31,29,19,71,61,0.6,1006,29,10,150,15
2019-01-09 18:00:00,29,23,0.0,10.2,1,1,18,08:43 AM,10:28 PM,05:42 AM,08:02 PM,20,28,28,26,23,8,69,0.0,1005,26,10,145,18
2019-01-09 21:00:00,29,23,0.0,10.2,1,1,18,08:43 AM,10:28 PM,05:42 AM,08:02 PM,20,26,26,24,18,19,79,0.0,1007,24,10,137,12
2019-01-10 00:00:00,23,20,0.0,11.3,1,1,25,09:38 AM,11:00 PM,05:42 AM,08:02 PM,18,22,24,22,25,90,78,0.0,1010,22,10,145,19
2019-01-10 03:00:00,23,20,0.0,11.3,1,1,25,09:38 AM,11:00 PM,05:42 AM,08:02 PM,17,21,21,21,27,82,77,0.0,1011,21,10,134,20
2019-01-10 06:00:00,23,20,0.0,11.3,1,1,25,09:38 AM,11:00 PM,05:42 AM,08:02 PM,16,20,20,20,27,64,76,0.0,1012,20,10,137,20
2019-01-10 09:00:00,23,20,0.0,11.3,1,1,25,09:38 AM,11:00 PM,05:42 AM,08:02 PM,15,21,21,21,28,52,69,0.0,1014,21,10,134,23
2019-01-10 12:00:00,23,20,0.0,11.3,1,1,25,09:38 AM,11:00 PM,05:42 AM,08:02 PM,14,25,25,23,30,65,60,0.0,1016,23,10,139,26
2019-01-10 15:00:00,23,20,0.0,11.3,1,1,25,09:38 AM,11:00 PM,05:42 AM,08:02 PM,13,21,21,21,33,68,59,0.0,1016,21,10,151,28
2019-01-10 18:00:00,23,20,0.0,11.3,1,1,25,09:38 AM,11:00 PM,05:42 AM,08:02 PM,11,21,21,21,25,47,54,0.0,1017,21,10,137,21
2019-01-10 21:00:00,23,20,0.0,11.3,1,1,25,09:38 AM,11:00 PM,05:42 AM,08:02 PM,11,19,19,19,27,22,60,0.0,1019,19,10,140,18
2019-01-11 00:00:00,24,18,0.0,14.5,1,1,32,10:33 AM,11:31 PM,05:43 AM,08:02 PM,14,19,19,19,23,62,73,0.3,1018,19,10,161,16
2019-01-11 03:00:00,24,18,0.0,14.5,1,1,32,10:33 AM,11:31 PM,05:43 AM,08:02 PM,13,18,18,18,21,57,74,0.3,1018,18,10,157,13
2019-01-11 06:00:00,24,18,0.0,14.5,1,1,32,10:33 AM,11:31 PM,05:43 AM,08:02 PM,13,18,18,18,17,46,73,0.0,1019,18,10,164,10
2019-01-11 09:00:00,24,18,0.0,14.5,1,1,32,10:33 AM,11:31 PM,05:43 AM,08:02 PM,12,21,21,21,16,52,57,0.0,1020,21,10,163,14
2019-01-11 12:00:00,24,18,0.0,14.5,1,1,32,10:33 AM,11:31 PM,05:43 AM,08:02 PM,12,25,25,23,18,10,49,0.0,1020,23,10,150,15
2019-01-11 15:00:00,24,18,0.0,14.5,1,1,32,10:33 AM,11:31 PM,05:43 AM,08:02 PM,12,25,25,24,19,2,48,0.0,1019,24,10,133,17
2019-01-11 18:00:00,24,18,0.0,14.5,1,1,32,10:33 AM,11:31 PM,05:43 AM,08:02 PM,12,25,25,22,21,0,54,0.0,1018,22,10,115,18
2019-01-11 21:00:00,24,18,0.0,14.5,1,1,32,10:33 AM,11:31 PM,05:43 AM,08:02 PM,13,19,19,19,24,0,65,0.0,1018,19,10,98,16
2019-01-12 00:00:00,29,17,0.0,14.5,1,1,39,11:28 AM,12:00 AM,05:44 AM,08:02 PM,13,18,18,18,23,7,70,0.0,1019,18,10,72,15
2019-01-12 03:00:00,29,17,0.0,14.5,1,1,39,11:28 AM,12:00 AM,05:44 AM,08:02 PM,11,17,17,17,22,2,69,0.0,1019,17,10,49,14
2019-01-12 06:00:00,29,17,0.0,14.5,1,1,39,11:28 AM,12:00 AM,05:44 AM,08:02 PM,11,17,17,17,19,11,69,0.0,1019,17,10,42,12
2019-01-12 09:00:00,29,17,0.0,14.5,1,1,39,11:28 AM,12:00 AM,05:44 AM,08:02 PM,12,21,21,21,14,6,56,0.0,1019,21,10,34,13
2019-01-12 12:00:00,29,17,0.0,14.5,1,1,39,11:28 AM,12:00 AM,05:44 AM,08:02 PM,10,26,26,27,13,2,36,0.0,1018,27,10,50,11
2019-01-12 15:00:00,29,17,0.0,14.5,1,1,39,11:28 AM,12:00 AM,05:44 AM,08:02 PM,10,28,28,29,12,0,29,0.0,1016,29,10,68,10
2019-01-12 18:00:00,29,17,0.0,14.5,1,1,39,11:28 AM,12:00 AM,05:44 AM,08:02 PM,12,28,28,28,18,0,38,0.0,1014,28,10,90,15
2019-01-12 21:00:00,29,17,0.0,14.5,1,1,39,11:28 AM,12:00 AM,05:44 AM,08:02 PM,16,26,26,25,23,0,60,0.0,1015,25,10,54,14
2019-01-13 00:00:00,27,19,0.0,11.3,1,1,47,12:24 PM,No moonset,05:45 AM,08:01 PM,18,25,25,22,30,0,79,0.0,1015,22,10,31,20
2019-01-13 03:00:00,27,19,0.0,11.3,1,1,47,12:24 PM,No moonset,05:45 AM,08:01 PM,18,21,21,21,21,7,84,0.0,1016,21,10,29,14
2019-01-13 06:00:00,27,19,0.0,11.3,1,1,47,12:24 PM,No moonset,05:45 AM,08:01 PM,17,19,19,19,18,26,89,0.0,1016,19,10,39,12
2019-01-13 09:00:00,27,19,0.0,11.3,1,1,47,12:24 PM,No moonset,05:45 AM,08:01 PM,18,26,26,24,13,67,71,0.0,1016,24,10,32,11
2019-01-13 12:00:00,27,19,0.0,11.3,1,1,47,12:24 PM,No moonset,05:45 AM,08:01 PM,19,29,29,27,10,84,59,0.1,1016,27,10,94,9
2019-01-13 15:00:00,27,19,0.0,11.3,1,1,47,12:24 PM,No moonset,05:45 AM,08:01 PM,20,28,28,27,18,99,66,0.5,1015,27,10,115,15
2019-01-13 18:00:00,27,19,0.0,11.3,1,1,47,12:24 PM,No moonset,05:45 AM,08:01 PM,20,26,26,23,25,55,67,0.2,1014,23,10,121,21
2019-01-13 21:00:00,27,19,0.0,11.3,1,1,47,12:24 PM,No moonset,05:45 AM,08:01 PM,20,21,25,21,33,83,79,0.7,1015,21,10,88,22
2019-01-14 00:00:00,29,22,0.0,13.4,1,1,54,01:22 PM,12:30 AM,05:46 AM,08:01 PM,20,25,25,23,14,79,86,0.5,1014,23,9,12,8
2019-01-14 03:00:00,29,22,0.0,13.4,1,1,54,01:22 PM,12:30 AM,05:46 AM,08:01 PM,20,22,25,22,11,81,88,0.7,1013,22,9,316,6
2019-01-14 06:00:00,29,22,0.0,13.4,1,1,54,01:22 PM,12:30 AM,05:46 AM,08:01 PM,20,22,24,22,6,11,88,0.0,1012,22,10,302,4
2019-01-14 09:00:00,29,22,0.0,13.4,1,1,54,01:22 PM,12:30 AM,05:46 AM,08:01 PM,20,28,28,27,3,21,66,0.0,1013,27,10,190,3
2019-01-14 12:00:00,29,22,0.0,13.4,1,1,54,01:22 PM,12:30 AM,05:46 AM,08:01 PM,19,30,30,29,16,43,56,0.0,1013,29,10,141,14
2019-01-14 15:00:00,29,22,0.0,13.4,1,1,54,01:22 PM,12:30 AM,05:46 AM,08:01 PM,20,30,30,28,27,67,63,0.1,1012,28,10,132,23
2019-01-14 18:00:00,29,22,0.0,13.4,1,1,54,01:22 PM,12:30 AM,05:46 AM,08:01 PM,20,27,27,25,25,37,71,0.0,1011,25,10,130,22
2019-01-14 21:00:00,29,22,0.0,13.4,1,1,54,01:22 PM,12:30 AM,05:46 AM,08:01 PM,20,25,25,23,25,66,82,0.0,1012,23,10,126,18
2019-01-15 00:00:00,28,21,0.0,10.2,1,1,61,02:21 PM,01:02 AM,05:47 AM,08:01 PM,19,22,24,22,20,77,87,0.0,1013,22,10,112,13
2019-01-15 03:00:00,28,21,0.0,10.2,1,1,61,02:21 PM,01:02 AM,05:47 AM,08:01 PM,19,22,24,22,15,76,82,0.0,1013,22,10,102,10
2019-01-15 06:00:00,28,21,0.0,10.2,1,1,61,02:21 PM,01:02 AM,05:47 AM,08:01 PM,19,21,24,21,12,59,87,0.0,1012,21,10,96,8
2019-01-15 09:00:00,28,21,0.0,10.2,1,1,61,02:21 PM,01:02 AM,05:47 AM,08:01 PM,19,26,26,24,11,91,75,0.0,1013,24,10,103,9
2019-01-15 12:00:00,28,21,0.0,10.2,1,1,61,02:21 PM,01:02 AM,05:47 AM,08:01 PM,19,29,29,28,17,76,59,0.1,1011,28,10,121,14
2019-01-15 15:00:00,28,21,0.0,10.2,1,1,61,02:21 PM,01:02 AM,05:47 AM,08:01 PM,19,28,28,27,23,76,62,0.0,1010,27,10,124,20
2019-01-15 18:00:00,28,21,0.0,10.2,1,1,61,02:21 PM,01:02 AM,05:47 AM,08:01 PM,19,27,27,25,21,64,69,0.1,1010,25,10,118,17
2019-01-15 21:00:00,28,21,0.0,10.2,1,1,61,02:21 PM,01:02 AM,05:47 AM,08:01 PM,19,25,25,23,14,12,77,0.0,1010,23,10,129,9
2019-01-16 00:00:00,28,22,0.0,12.3,1,1,69,03:25 PM,01:37 AM,05:48 AM,08:01 PM,19,22,24,22,31,72,86,8.6,1008,22,6,161,18
2019-01-16 03:00:00,28,22,0.0,12.3,1,1,69,03:25 PM,01:37 AM,05:48 AM,08:01 PM,19,22,25,22,22,55,83,7.2,1008,22,8,176,13
2019-01-16 06:00:00,28,22,0.0,12.3,1,1,69,03:25 PM,01:37 AM,05:48 AM,08:01 PM,19,22,24,22,21,67,87,0.0,1008,22,10,187,13
2019-01-16 09:00:00,28,22,0.0,12.3,1,1,69,03:25 PM,01:37 AM,05:48 AM,08:01 PM,19,26,26,24,16,73,71,0.0,1009,24,10,196,14
2019-01-16 12:00:00,28,22,0.0,12.3,1,1,69,03:25 PM,01:37 AM,05:48 AM,08:01 PM,17,28,28,27,15,0,56,0.0,1010,27,10,213,13
2019-01-16 15:00:00,28,22,0.0,12.3,1,1,69,03:25 PM,01:37 AM,05:48 AM,08:01 PM,15,28,28,28,16,0,44,0.0,1010,28,10,214,14
2019-01-16 18:00:00,28,22,0.0,12.3,1,1,69,03:25 PM,01:37 AM,05:48 AM,08:01 PM,12,29,29,25,6,0,33,0.0,1010,25,10,167,5
2019-01-16 21:00:00,28,22,0.0,12.3,1,1,69,03:25 PM,01:37 AM,05:48 AM,08:01 PM,12,25,25,24,14,0,48,0.0,1011,24,10,62,8
2019-01-17 00:00:00,23,21,0.0,13.4,1,1,76,04:29 PM,02:16 AM,05:49 AM,08:00 PM,19,26,26,24,6,0,77,0.0,1013,24,10,358,4
2019-01-17 03:00:00,23,21,0.0,13.4,1,1,76,04:29 PM,02:16 AM,05:49 AM,08:00 PM,18,22,25,22,3,11,77,0.0,1014,22,10,181,2
2019-01-17 06:00:00,23,21,0.0,13.4,1,1,76,04:29 PM,02:16 AM,05:49 AM,08:00 PM,18,22,24,22,30,85,82,0.0,1016,22,10,150,19
2019-01-17 09:00:00,23,21,0.0,13.4,1,1,76,04:29 PM,02:16 AM,05:49 AM,08:00 PM,15,25,25,23,30,13,63,0.0,1018,23,10,145,26
2019-01-17 12:00:00,23,21,0.0,13.4,1,1,76,04:29 PM,02:16 AM,05:49 AM,08:00 PM,14,25,25,23,32,30,57,0.0,1020,23,10,144,28
2019-01-17 15:00:00,23,21,0.0,13.4,1,1,76,04:29 PM,02:16 AM,05:49 AM,08:00 PM,14,25,25,23,31,34,57,0.0,1020,23,10,138,27
2019-01-17 18:00:00,23,21,0.0,13.4,1,1,76,04:29 PM,02:16 AM,05:49 AM,08:00 PM,12,21,21,21,31,23,60,0.0,1020,21,10,138,27
2019-01-17 21:00:00,23,21,0.0,13.4,1,1,76,04:29 PM,02:16 AM,05:49 AM,08:00 PM,12,18,18,18,33,15,66,0.0,1022,18,10,132,24
2019-01-18 00:00:00,24,18,0.0,11.2,1,1,83,05:36 PM,03:02 AM,05:50 AM,08:00 PM,13,18,18,18,32,59,72,0.0,1021,18,10,125,22
2019-01-18 03:00:00,24,18,0.0,11.2,1,1,83,05:36 PM,03:02 AM,05:50 AM,08:00 PM,13,19,19,19,21,99,71,0.0,1021,19,10,119,15
2019-01-18 06:00:00,24,18,0.0,11.2,1,1,83,05:36 PM,03:02 AM,05:50 AM,08:00 PM,14,18,18,18,16,70,77,1.6,1021,18,9,117,11
2019-01-18 09:00:00,24,18,0.0,11.2,1,1,83,05:36 PM,03:02 AM,05:50 AM,08:00 PM,14,20,20,20,20,82,71,2.2,1021,20,9,109,15
2019-01-18 12:00:00,24,18,0.0,11.2,1,1,83,05:36 PM,03:02 AM,05:50 AM,08:00 PM,13,22,25,22,22,73,59,0.2,1021,22,9,105,19
2019-01-18 15:00:00,24,18,0.0,11.2,1,1,83,05:36 PM,03:02 AM,05:50 AM,08:00 PM,13,25,25,24,28,50,49,0.2,1021,24,10,123,24
2019-01-18 18:00:00,24,18,0.0,11.2,1,1,83,05:36 PM,03:02 AM,05:50 AM,08:00 PM,13,25,25,22,28,14,56,0.0,1020,22,10,118,24
2019-01-18 21:00:00,24,18,0.0,11.2,1,1,83,05:36 PM,03:02 AM,05:50 AM,08:00 PM,14,20,20,20,29,41,69,0.0,1021,20,10,110,20
2019-01-19 00:00:00,24,18,0.0,13.4,1,1,90,06:41 PM,03:56 AM,05:51 AM,08:00 PM,13,19,19,19,28,18,70,0.0,1022,19,10,122,18
2019-01-19 03:00:00,24,18,0.0,13.4,1,1,90,06:41 PM,03:56 AM,05:51 AM,08:00 PM,13,18,18,18,24,44,73,0.0,1022,18,10,117,15
2019-01-19 06:00:00,24,18,0.0,13.4,1,1,90,06:41 PM,03:56 AM,05:51 AM,08:00 PM,13,18,18,18,18,39,74,0.0,1022,18,10,111,11
2019-01-19 09:00:00,24,18,0.0,13.4,1,1,90,06:41 PM,03:56 AM,05:51 AM,08:00 PM,13,21,21,21,14,69,59,0.1,1023,21,10,115,13
2019-01-19 12:00:00,24,18,0.0,13.4,1,1,90,06:41 PM,03:56 AM,05:51 AM,08:00 PM,12,25,25,23,18,10,50,0.0,1023,23,10,127,15
2019-01-19 15:00:00,24,18,0.0,13.4,1,1,90,06:41 PM,03:56 AM,05:51 AM,08:00 PM,13,25,25,24,24,3,50,0.0,1022,24,10,120,21
2019-01-19 18:00:00,24,18,0.0,13.4,1,1,90,06:41 PM,03:56 AM,05:51 AM,08:00 PM,14,25,25,23,24,12,57,0.0,1021,23,10,108,21
2019-01-19 21:00:00,24,18,0.0,13.4,1,1,90,06:41 PM,03:56 AM,05:51 AM,08:00 PM,14,20,20,20,28,20,66,0.0,1022,20,10,88,19
2019-01-20 00:00:00,27,16,0.0,14.1,1,1,98,07:42 PM,04:58 AM,05:52 AM,07:59 PM,13,19,19,19,25,10,70,0.0,1022,19,10,64,17
2019-01-20 03:00:00,27,16,0.0,14.1,1,1,98,07:42 PM,04:58 AM,05:52 AM,07:59 PM,13,17,17,17,23,0,74,0.0,1021,17,10,55,15
2019-01-20 06:00:00,27,16,0.0,14.1,1,1,98,07:42 PM,04:58 AM,05:52 AM,07:59 PM,13,16,16,16,20,0,78,0.0,1021,16,10,46,12
2019-01-20 09:00:00,27,16,0.0,14.1,1,1,98,07:42 PM,04:58 AM,05:52 AM,07:59 PM,12,20,20,20,17,0,60,0.0,1021,20,10,40,15
2019-01-20 12:00:00,27,16,0.0,14.1,1,1,98,07:42 PM,04:58 AM,05:52 AM,07:59 PM,11,25,25,25,14,0,42,0.0,1020,25,10,52,12
2019-01-20 15:00:00,27,16,0.0,14.1,1,1,98,07:42 PM,04:58 AM,05:52 AM,07:59 PM,11,27,27,27,14,24,36,0.0,1018,27,10,76,13
2019-01-20 18:00:00,27,16,0.0,14.1,1,1,98,07:42 PM,04:58 AM,05:52 AM,07:59 PM,13,27,27,27,21,45,43,0.0,1016,27,10,62,17
2019-01-20 21:00:00,27,16,0.0,14.1,1,1,98,07:42 PM,04:58 AM,05:52 AM,07:59 PM,14,25,25,23,31,3,60,0.0,1015,23,10,49,20
2019-01-21 00:00:00,29,18,0.0,14.1,1,1,100,08:36 PM,06:06 AM,05:53 AM,07:59 PM,15,20,20,20,27,0,70,0.0,1015,20,10,38,17
2019-01-21 03:00:00,29,18,0.0,14.1,1,1,100,08:36 PM,06:06 AM,05:53 AM,07:59 PM,15,18,18,18,23,0,79,0.0,1015,18,10,22,15
2019-01-21 06:00:00,29,18,0.0,14.1,1,1,100,08:36 PM,06:06 AM,05:53 AM,07:59 PM,15,18,18,18,19,9,87,0.0,1015,18,10,4,13
2019-01-21 09:00:00,29,18,0.0,14.1,1,1,100,08:36 PM,06:06 AM,05:53 AM,07:59 PM,16,25,25,22,17,5,69,0.0,1015,22,10,345,14
2019-01-21 12:00:00,29,18,0.0,14.1,1,1,100,08:36 PM,06:06 AM,05:53 AM,07:59 PM,15,27,27,27,13,31,47,0.0,1014,27,10,295,11
2019-01-21 15:00:00,29,18,0.0,14.1,1,1,100,08:36 PM,06:06 AM,05:53 AM,07:59 PM,15,30,30,29,13,3,43,0.0,1013,29,10,279,11
2019-01-21 18:00:00,29,18,0.0,14.1,1,1,100,08:36 PM,06:06 AM,05:53 AM,07:59 PM,17,31,31,27,5,0,46,0.0,1012,27,10,178,5
2019-01-21 21:00:00,29,18,0.0,14.1,1,1,100,08:36 PM,06:06 AM,05:53 AM,07:59 PM,17,26,26,24,22,0,64,0.0,1012,24,10,74,13
2019-01-22 00:00:00,33,22,0.0,14.0,1,1,88,09:25 PM,07:18 AM,05:54 AM,07:58 PM,17,25,25,23,14,0,67,0.0,1013,23,10,30,8
2019-01-22 03:00:00,33,22,0.0,14.0,1,1,88,09:25 PM,07:18 AM,05:54 AM,07:58 PM,17,25,25,22,22,0,71,0.0,1013,22,10,344,13
2019-01-22 06:00:00,33,22,0.0,14.0,1,1,88,09:25 PM,07:18 AM,05:54 AM,07:58 PM,17,22,24,22,23,0,73,0.0,1013,22,10,346,13
2019-01-22 09:00:00,33,22,0.0,14.0,1,1,88,09:25 PM,07:18 AM,05:54 AM,07:58 PM,18,27,27,26,19,0,61,0.0,1014,26,10,343,16
2019-01-22 12:00:00,33,22,0.0,14.0,1,1,88,09:25 PM,07:18 AM,05:54 AM,07:58 PM,17,32,32,31,14,0,42,0.0,1013,31,10,326,13
2019-01-22 15:00:00,33,22,0.0,14.0,1,1,88,09:25 PM,07:18 AM,05:54 AM,07:58 PM,17,34,34,33,12,22,37,0.0,1011,33,10,310,10
2019-01-22 18:00:00,33,22,0.0,14.0,1,1,88,09:25 PM,07:18 AM,05:54 AM,07:58 PM,18,34,34,33,4,27,40,0.0,1009,33,10,308,4
2019-01-22 21:00:00,33,22,0.0,14.0,1,1,88,09:25 PM,07:18 AM,05:54 AM,07:58 PM,19,30,30,29,8,46,55,0.0,1010,29,10,11,4
2019-01-23 00:00:00,27,24,0.0,9.9,1,1,81,10:07 PM,08:30 AM,05:55 AM,07:58 PM,21,28,28,26,22,10,71,0.0,1011,26,10,345,12
2019-01-23 03:00:00,27,24,0.0,9.9,1,1,81,10:07 PM,08:30 AM,05:55 AM,07:58 PM,21,27,27,25,20,34,78,0.0,1012,25,9,329,11
2019-01-23 06:00:00,27,24,0.0,9.9,1,1,81,10:07 PM,08:30 AM,05:55 AM,07:58 PM,22,26,26,24,24,71,85,0.6,1014,24,10,170,16
2019-01-23 09:00:00,27,24,0.0,9.9,1,1,81,10:07 PM,08:30 AM,05:55 AM,07:58 PM,20,26,26,25,28,89,78,0.0,1016,25,9,136,19
2019-01-23 12:00:00,27,24,0.0,9.9,1,1,81,10:07 PM,08:30 AM,05:55 AM,07:58 PM,18,28,28,26,37,79,61,4.7,1017,26,7,124,20
2019-01-23 15:00:00,27,24,0.0,9.9,1,1,81,10:07 PM,08:30 AM,05:55 AM,07:58 PM,13,27,27,27,47,89,41,4.7,1017,27,7,120,26
2019-01-23 18:00:00,27,24,0.0,9.9,1,1,81,10:07 PM,08:30 AM,05:55 AM,07:58 PM,12,25,25,25,30,4,45,0.0,1016,25,10,108,26
2019-01-23 21:00:00,27,24,0.0,9.9,1,1,81,10:07 PM,08:30 AM,05:55 AM,07:58 PM,14,25,25,22,32,17,59,0.0,1017,22,10,98,23
2019-01-24 00:00:00,32,21,0.0,14.0,1,1,73,10:45 PM,09:41 AM,05:56 AM,07:57 PM,17,22,25,22,29,4,73,0.0,1017,22,10,78,21
2019-01-24 03:00:00,32,21,0.0,14.0,1,1,73,10:45 PM,09:41 AM,05:56 AM,07:57 PM,17,21,24,21,28,6,78,0.0,1017,21,10,76,20
2019-01-24 06:00:00,32,21,0.0,14.0,1,1,73,10:45 PM,09:41 AM,05:56 AM,07:57 PM,17,21,21,21,26,23,82,0.0,1018,21,10,69,18
2019-01-24 09:00:00,32,21,0.0,14.0,1,1,73,10:45 PM,09:41 AM,05:56 AM,07:57 PM,19,26,26,24,22,53,71,0.0,1019,24,10,56,19
2019-01-24 12:00:00,32,21,0.0,14.0,1,1,73,10:45 PM,09:41 AM,05:56 AM,07:57 PM,19,31,31,30,22,5,53,0.0,1018,30,10,61,19
2019-01-24 15:00:00,32,21,0.0,14.0,1,1,73,10:45 PM,09:41 AM,05:56 AM,07:57 PM,19,34,34,32,22,4,44,0.0,1017,32,10,69,19
2019-01-24 18:00:00,32,21,0.0,14.0,1,1,73,10:45 PM,09:41 AM,05:56 AM,07:57 PM,19,33,33,31,27,2,49,0.0,1016,31,10,66,22
2019-01-24 21:00:00,32,21,0.0,14.0,1,1,73,10:45 PM,09:41 AM,05:56 AM,07:57 PM,19,28,28,26,34,14,64,0.0,1016,26,10,60,24
2019-01-25 00:00:00,33,19,0.0,14.0,1,1,66,11:21 PM,10:49 AM,05:57 AM,07:57 PM,15,21,25,21,33,3,67,0.0,1018,21,10,52,24
2019-01-25 03:00:00,33,19,0.0,14.0,1,1,66,11:21 PM,10:49 AM,05:57 AM,07:57 PM,15,20,20,20,31,6,77,0.0,1018,20,10,47,22
2019-01-25 06:00:00,33,19,0.0,14.0,1,1,66,11:21 PM,10:49 AM,05:57 AM,07:57 PM,16,19,19,19,31,17,85,0.0,1017,19,10,41,22
2019-01-25 09:00:00,33,19,0.0,14.0,1,1,66,11:21 PM,10:49 AM,05:57 AM,07:57 PM,17,25,25,23,26,31,71,0.0,1017,23,10,28,23
2019-01-25 12:00:00,33,19,0.0,14.0,1,1,66,11:21 PM,10:49 AM,05:57 AM,07:57 PM,18,31,31,29,23,4,50,0.0,1016,29,10,25,20
2019-01-25 15:00:00,33,19,0.0,14.0,1,1,66,11:21 PM,10:49 AM,05:57 AM,07:57 PM,18,34,34,33,22,14,43,0.0,1014,33,10,24,19
2019-01-25 18:00:00,33,19,0.0,14.0,1,1,66,11:21 PM,10:49 AM,05:57 AM,07:57 PM,20,34,34,31,23,24,51,0.0,1013,31,10,22,17
2019-01-25 21:00:00,33,19,0.0,14.0,1,1,66,11:21 PM,10:49 AM,05:57 AM,07:57 PM,21,29,29,27,38,5,68,0.0,1011,27,10,38,25
2019-01-26 00:00:00,33,23,0.0,11.0,1,1,59,11:55 PM,11:54 AM,05:58 AM,07:56 PM,22,28,28,26,32,21,79,0.0,1012,26,10,31,21
2019-01-26 03:00:00,33,23,0.0,11.0,1,1,59,11:55 PM,11:54 AM,05:58 AM,07:56 PM,21,27,27,25,26,35,80,0.0,1012,25,10,19,17
2019-01-26 06:00:00,33,23,0.0,11.0,1,1,59,11:55 PM,11:54 AM,05:58 AM,07:56 PM,20,25,25,23,21,77,83,1.1,1013,23,9,22,13
2019-01-26 09:00:00,33,23,0.0,11.0,1,1,59,11:55 PM,11:54 AM,05:58 AM,07:56 PM,21,27,27,25,19,88,76,1.2,1014,25,10,11,14
2019-01-26 12:00:00,33,23,0.0,11.0,1,1,59,11:55 PM,11:54 AM,05:58 AM,07:56 PM,22,36,36,32,9,48,58,0.0,1014,32,10,309,8
2019-01-26 15:00:00,33,23,0.0,11.0,1,1,59,11:55 PM,11:54 AM,05:58 AM,07:56 PM,22,37,37,33,14,32,54,0.0,1013,33,10,173,13
2019-01-26 18:00:00,33,23,0.0,11.0,1,1,59,11:55 PM,11:54 AM,05:58 AM,07:56 PM,23,32,32,29,23,86,70,0.6,1013,29,9,122,18
2019-01-26 21:00:00,33,23,0.0,11.0,1,1,59,11:55 PM,11:54 AM,05:58 AM,07:56 PM,23,28,28,25,27,49,84,0.0,1014,25,10,125,15
2019-01-27 00:00:00,33,25,0.0,13.3,1,1,51,No moonrise,12:57 PM,05:59 AM,07:55 PM,23,28,28,25,20,14,86,0.0,1013,25,10,117,13
2019-01-27 03:00:00,33,25,0.0,13.3,1,1,51,No moonrise,12:57 PM,05:59 AM,07:55 PM,23,28,28,25,16,40,87,0.0,1013,25,10,85,10
2019-01-27 06:00:00,33,25,0.0,13.3,1,1,51,No moonrise,12:57 PM,05:59 AM,07:55 PM,22,27,27,25,15,31,87,0.0,1013,25,10,79,9
2019-01-27 09:00:00,33,25,0.0,13.3,1,1,51,No moonrise,12:57 PM,05:59 AM,07:55 PM,22,32,32,29,12,22,68,0.0,1013,29,10,72,10
2019-01-27 12:00:00,33,25,0.0,13.3,1,1,51,No moonrise,12:57 PM,05:59 AM,07:55 PM,21,37,37,33,11,60,50,0.0,1013,33,10,75,10
2019-01-27 15:00:00,33,25,0.0,13.3,1,1,51,No moonrise,12:57 PM,05:59 AM,07:55 PM,21,36,36,33,17,48,52,0.0,1011,33,10,103,13
2019-01-27 18:00:00,33,25,0.0,13.3,1,1,51,No moonrise,12:57 PM,05:59 AM,07:55 PM,21,33,33,31,17,100,49,0.0,1010,31,10,60,13
2019-01-27 21:00:00,33,25,0.0,13.3,1,1,51,No moonrise,12:57 PM,05:59 AM,07:55 PM,21,33,33,30,27,26,58,0.0,1010,30,10,31,16
2019-01-28 00:00:00,35,25,0.0,8.5,1,1,44,12:29 AM,01:59 PM,06:00 AM,07:55 PM,22,31,31,28,26,88,70,0.8,1010,28,9,28,15
2019-01-28 03:00:00,35,25,0.0,8.5,1,1,44,12:29 AM,01:59 PM,06:00 AM,07:55 PM,22,29,29,26,23,81,78,2.3,1010,26,9,21,14
2019-01-28 06:00:00,35,25,0.0,8.5,1,1,44,12:29 AM,01:59 PM,06:00 AM,07:55 PM,22,27,27,25,25,83,85,7.0,1010,25,7,23,13
2019-01-28 09:00:00,35,25,0.0,8.5,1,1,44,12:29 AM,01:59 PM,06:00 AM,07:55 PM,23,31,31,28,33,85,74,8.5,1011,28,3,354,16
2019-01-28 12:00:00,35,25,0.0,8.5,1,1,44,12:29 AM,01:59 PM,06:00 AM,07:55 PM,22,38,38,33,27,88,50,2.9,1010,33,7,303,17
2019-01-28 15:00:00,35,25,0.0,8.5,1,1,44,12:29 AM,01:59 PM,06:00 AM,07:55 PM,22,40,40,35,21,87,47,2.9,1009,35,7,280,13
2019-01-28 18:00:00,35,25,0.0,8.5,1,1,44,12:29 AM,01:59 PM,06:00 AM,07:55 PM,22,38,38,33,16,86,54,0.4,1008,33,9,328,13
2019-01-28 21:00:00,35,25,0.0,8.5,1,1,44,12:29 AM,01:59 PM,06:00 AM,07:55 PM,23,34,34,30,23,71,66,0.4,1009,30,9,329,14
2019-01-29 00:00:00,37,27,0.0,8.0,1,1,37,01:05 AM,02:59 PM,06:01 AM,07:54 PM,23,32,32,29,24,13,70,0.0,1010,29,10,336,14
2019-01-29 03:00:00,37,27,0.0,8.0,1,1,37,01:05 AM,02:59 PM,06:01 AM,07:54 PM,22,31,31,28,27,19,71,0.0,1010,28,10,329,15
2019-01-29 06:00:00,37,27,0.0,8.0,1,1,37,01:05 AM,02:59 PM,06:01 AM,07:54 PM,22,30,30,27,28,15,75,0.0,1010,27,10,331,17
2019-01-29 09:00:00,37,27,0.0,8.0,1,1,37,01:05 AM,02:59 PM,06:01 AM,07:54 PM,23,35,35,30,31,70,63,2.1,1010,30,9,314,21
2019-01-29 12:00:00,37,27,0.0,8.0,1,1,37,01:05 AM,02:59 PM,06:01 AM,07:54 PM,20,39,39,35,26,87,43,1.1,1009,35,9,303,20
2019-01-29 15:00:00,37,27,0.0,8.0,1,1,37,01:05 AM,02:59 PM,06:01 AM,07:54 PM,21,41,41,37,24,87,40,1.1,1007,37,10,303,18
2019-01-29 18:00:00,37,27,0.0,8.0,1,1,37,01:05 AM,02:59 PM,06:01 AM,07:54 PM,21,39,39,35,22,44,46,0.0,1006,35,9,311,15
2019-01-29 21:00:00,37,27,0.0,8.0,1,1,37,01:05 AM,02:59 PM,06:01 AM,07:54 PM,22,37,37,32,27,80,55,0.5,1006,32,10,339,17
2019-01-30 00:00:00,32,26,0.0,10.4,1,1,30,01:43 AM,03:57 PM,06:02 AM,07:53 PM,22,33,33,29,20,73,65,1.3,1007,29,10,336,12
2019-01-30 03:00:00,32,26,0.0,10.4,1,1,30,01:43 AM,03:57 PM,06:02 AM,07:53 PM,23,31,31,28,37,85,76,3.3,1007,28,7,311,22
2019-01-30 06:00:00,32,26,0.0,10.4,1,1,30,01:43 AM,03:57 PM,06:02 AM,07:53 PM,22,29,29,26,34,75,79,3.1,1008,26,7,292,22
2019-01-30 09:00:00,32,26,0.0,10.4,1,1,30,01:43 AM,03:57 PM,06:02 AM,07:53 PM,22,29,29,26,13,68,80,3.8,1008,26,8,315,9
2019-01-30 12:00:00,32,26,0.0,10.4,1,1,30,01:43 AM,03:57 PM,06:02 AM,07:53 PM,22,35,35,31,19,13,59,0.0,1008,31,10,292,16
2019-01-30 15:00:00,32,26,0.0,10.4,1,1,30,01:43 AM,03:57 PM,06:02 AM,07:53 PM,21,36,36,32,27,25,51,0.0,1007,32,10,280,21
2019-01-30 18:00:00,32,26,0.0,10.4,1,1,30,01:43 AM,03:57 PM,06:02 AM,07:53 PM,22,35,35,31,24,19,60,0.0,1006,31,10,310,18
2019-01-30 21:00:00,32,26,0.0,10.4,1,1,30,01:43 AM,03:57 PM,06:02 AM,07:53 PM,23,32,32,29,21,7,72,0.0,1007,29,10,330,13
2019-01-31 00:00:00,27,22,0.0,11.6,1,1,26,02:24 AM,04:52 PM,06:03 AM,07:53 PM,22,27,27,25,16,6,86,0.0,1010,25,10,249,10
2019-01-31 03:00:00,27,22,0.0,11.6,1,1,26,02:24 AM,04:52 PM,06:03 AM,07:53 PM,19,26,26,24,25,3,74,0.0,1011,24,10,165,17
2019-01-31 06:00:00,27,22,0.0,11.6,1,1,26,02:24 AM,04:52 PM,06:03 AM,07:53 PM,18,25,25,22,22,16,75,0.0,1012,22,10,166,15
2019-01-31 09:00:00,27,22,0.0,11.6,1,1,26,02:24 AM,04:52 PM,06:03 AM,07:53 PM,17,26,26,24,16,5,65,0.0,1014,24,10,155,14
2019-01-31 12:00:00,27,22,0.0,11.6,1,1,26,02:24 AM,04:52 PM,06:03 AM,07:53 PM,16,28,28,27,17,33,51,0.0,1014,27,10,150,15
2019-01-31 15:00:00,27,22,0.0,11.6,1,1,26,02:24 AM,04:52 PM,06:03 AM,07:53 PM,16,28,28,27,21,4,50,0.0,1013,27,10,130,18
2019-01-31 18:00:00,27,22,0.0,11.6,1,1,26,02:24 AM,04:52 PM,06:03 AM,07:53 PM,17,27,27,25,22,8,59,0.0,1012,25,10,111,19
2019-01-31 21:00:00,27,22,0.0,11.6,1,1,26,02:24 AM,04:52 PM,06:03 AM,07:53 PM,17,25,25,23,23,9,69,0.0,1012,23,10,85,15
2019-02-01 00:00:00,32,23,0.0,11.6,1,1,8,03:10 AM,05:44 PM,06:04 AM,07:52 PM,17,25,25,23,19,70,68,0.0,1012,23,10,42,12
2019-02-01 03:00:00,32,23,0.0,11.6,1,1,8,03:10 AM,05:44 PM,06:04 AM,07:52 PM,19,25,25,23,22,7,77,0.0,1012,23,10,13,14
2019-02-01 06:00:00,32,23,0.0,11.6,1,1,8,03:10 AM,05:44 PM,06:04 AM,07:52 PM,20,25,25,23,19,17,86,0.0,1011,23,10,350,12
2019-02-01 09:00:00,32,23,0.0,11.6,1,1,8,03:10 AM,05:44 PM,06:04 AM,07:52 PM,22,29,29,27,15,8,75,0.0,1012,27,10,313,12
2019-02-01 12:00:00,32,23,0.0,11.6,1,1,8,03:10 AM,05:44 PM,06:04 AM,07:52 PM,20,34,34,31,14,6,53,0.0,1012,31,10,256,13
2019-02-01 15:00:00,32,23,0.0,11.6,1,1,8,03:10 AM,05:44 PM,06:04 AM,07:52 PM,19,35,35,32,13,13,46,0.0,1011,32,10,202,12
2019-02-01 18:00:00,32,23,0.0,11.6,1,1,8,03:10 AM,05:44 PM,06:04 AM,07:52 PM,21,32,32,29,21,29,62,0.0,1011,29,10,145,17
2019-02-01 21:00:00,32,23,0.0,11.6,1,1,8,03:10 AM,05:44 PM,06:04 AM,07:52 PM,21,26,26,24,35,74,82,2.2,1013,24,10,125,23
2019-02-02 00:00:00,25,21,0.0,11.6,1,1,1,03:58 AM,06:31 PM,06:05 AM,07:51 PM,21,26,26,24,27,80,81,3.9,1014,24,7,116,15
2019-02-02 03:00:00,25,21,0.0,11.6,1,1,1,03:58 AM,06:31 PM,06:05 AM,07:51 PM,20,25,25,23,34,95,81,4.0,1015,23,7,125,19
2019-02-02 06:00:00,25,21,0.0,11.6,1,1,1,03:58 AM,06:31 PM,06:05 AM,07:51 PM,15,25,25,23,28,70,63,0.1,1016,23,10,137,19
2019-02-02 09:00:00,25,21,0.0,11.6,1,1,1,03:58 AM,06:31 PM,06:05 AM,07:51 PM,10,25,25,25,28,14,41,0.0,1019,25,10,149,25
2019-02-02 12:00:00,25,21,0.0,11.6,1,1,1,03:58 AM,06:31 PM,06:05 AM,07:51 PM,13,26,26,25,30,0,47,0.0,1021,25,10,160,26
2019-02-02 15:00:00,25,21,0.0,11.6,1,1,1,03:58 AM,06:31 PM,06:05 AM,07:51 PM,14,25,25,23,33,48,56,0.0,1022,23,10,156,29
2019-02-02 18:00:00,25,21,0.0,11.6,1,1,1,03:58 AM,06:31 PM,06:05 AM,07:51 PM,12,21,21,21,31,11,56,0.0,1022,21,10,150,27
2019-02-02 21:00:00,25,21,0.0,11.6,1,1,1,03:58 AM,06:31 PM,06:05 AM,07:51 PM,12,19,19,19,31,52,65,0.0,1024,19,10,144,22
2019-02-03 00:00:00,23,18,0.0,11.6,1,1,0,04:49 AM,07:15 PM,06:06 AM,07:50 PM,12,19,19,19,29,51,64,0.0,1025,19,10,145,21
2019-02-03 03:00:00,23,18,0.0,11.6,1,1,0,04:49 AM,07:15 PM,06:06 AM,07:50 PM,11,19,19,19,24,43,61,0.0,1024,19,10,141,17
2019-02-03 06:00:00,23,18,0.0,11.6,1,1,0,04:49 AM,07:15 PM,06:06 AM,07:50 PM,10,18,18,18,22,33,59,0.0,1025,18,10,139,15
2019-02-03 09:00:00,23,18,0.0,11.6,1,1,0,04:49 AM,07:15 PM,06:06 AM,07:50 PM,10,20,20,20,19,29,53,0.0,1026,20,10,138,16
2019-02-03 12:00:00,23,18,0.0,11.6,1,1,0,04:49 AM,07:15 PM,06:06 AM,07:50 PM,11,25,25,23,21,3,46,0.0,1026,23,10,142,18
2019-02-03 15:00:00,23,18,0.0,11.6,1,1,0,04:49 AM,07:15 PM,06:06 AM,07:50 PM,11,25,25,23,23,0,46,0.0,1025,23,10,144,20
2019-02-03 18:00:00,23,18,0.0,11.6,1,1,0,04:49 AM,07:15 PM,06:06 AM,07:50 PM,11,22,24,22,23,3,51,0.0,1024,22,10,136,20
2019-02-03 21:00:00,23,18,0.0,11.6,1,1,0,04:49 AM,07:15 PM,06:06 AM,07:50 PM,11,19,19,19,24,0,60,0.0,1024,19,10,119,16
2019-02-04 00:00:00,25,17,0.0,11.6,1,1,0,05:43 AM,07:54 PM,06:07 AM,07:49 PM,11,18,18,18,16,0,62,0.0,1025,18,10,90,10
2019-02-04 03:00:00,25,17,0.0,11.6,1,1,0,05:43 AM,07:54 PM,06:07 AM,07:49 PM,12,18,18,18,10,0,69,0.0,1024,18,10,46,6
2019-02-04 06:00:00,25,17,0.0,11.6,1,1,0,05:43 AM,07:54 PM,06:07 AM,07:49 PM,13,17,17,17,6,0,74,0.0,1024,17,10,360,5
2019-02-04 09:00:00,25,17,0.0,11.6,1,1,0,05:43 AM,07:54 PM,06:07 AM,07:49 PM,13,25,25,22,3,0,55,0.0,1025,22,10,356,2
2019-02-04 12:00:00,25,17,0.0,11.6,1,1,0,05:43 AM,07:54 PM,06:07 AM,07:49 PM,10,25,25,24,13,0,41,0.0,1024,24,10,160,11
2019-02-04 15:00:00,25,17,0.0,11.6,1,1,0,05:43 AM,07:54 PM,06:07 AM,07:49 PM,10,25,25,25,18,0,38,0.0,1023,25,10,149,16
2019-02-04 18:00:00,25,17,0.0,11.6,1,1,0,05:43 AM,07:54 PM,06:07 AM,07:49 PM,11,25,25,23,19,0,45,0.0,1021,23,10,130,17
2019-02-04 21:00:00,25,17,0.0,11.6,1,1,0,05:43 AM,07:54 PM,06:07 AM,07:49 PM,11,20,20,20,22,0,56,0.0,1022,20,10,100,14
2019-02-05 00:00:00,28,17,0.0,11.6,1,1,0,06:37 AM,08:30 PM,06:08 AM,07:49 PM,12,19,19,19,21,0,62,0.0,1022,19,20,67,13
2019-02-05 03:00:00,28,17,0.0,11.6,1,1,0,06:37 AM,08:30 PM,06:08 AM,07:49 PM,11,17,17,17,17,0,67,0.0,1021,17,20,34,10
2019-02-05 06:00:00,28,17,0.0,11.6,1,1,0,06:37 AM,08:30 PM,06:08 AM,07:49 PM,11,17,17,17,12,0,69,0.0,1021,17,10,16,7
2019-02-05 09:00:00,28,17,0.0,11.6,1,1,0,06:37 AM,08:30 PM,06:08 AM,07:49 PM,11,21,24,21,8,0,51,0.0,1022,21,10,26,6
2019-02-05 12:00:00,28,17,0.0,11.6,1,1,0,06:37 AM,08:30 PM,06:08 AM,07:49 PM,10,26,26,26,9,0,35,0.0,1021,26,10,80,8
2019-02-05 15:00:00,28,17,0.0,11.6,1,1,0,06:37 AM,08:30 PM,06:08 AM,07:49 PM,11,28,28,28,13,4,33,0.0,1020,28,10,111,11
2019-02-05 18:00:00,28,17,0.0,11.6,1,1,0,06:37 AM,08:30 PM,06:08 AM,07:49 PM,14,27,27,27,21,8,45,0.0,1017,27,10,110,18
2019-02-05 21:00:00,28,17,0.0,11.6,1,1,0,06:37 AM,08:30 PM,06:08 AM,07:49 PM,15,25,25,23,30,2,63,0.0,1017,23,10,90,20
2019-02-06 00:00:00,30,18,0.0,11.6,1,1,7,07:33 AM,09:02 PM,06:09 AM,07:48 PM,14,21,21,21,27,2,64,0.0,1018,21,10,54,18
2019-02-06 03:00:00,30,18,0.0,11.6,1,1,7,07:33 AM,09:02 PM,06:09 AM,07:48 PM,14,20,20,20,24,2,72,0.0,1017,20,10,35,16
2019-02-06 06:00:00,30,18,0.0,11.6,1,1,7,07:33 AM,09:02 PM,06:09 AM,07:48 PM,15,18,18,18,19,0,82,0.0,1017,18,10,23,12
2019-02-06 09:00:00,30,18,0.0,11.6,1,1,7,07:33 AM,09:02 PM,06:09 AM,07:48 PM,15,25,25,23,13,1,63,0.0,1018,23,10,17,11
2019-02-06 12:00:00,30,18,0.0,11.6,1,1,7,07:33 AM,09:02 PM,06:09 AM,07:48 PM,12,28,28,28,10,1,38,0.0,1017,28,10,41,9
2019-02-06 15:00:00,30,18,0.0,11.6,1,1,7,07:33 AM,09:02 PM,06:09 AM,07:48 PM,13,30,30,30,12,31,35,0.0,1014,30,10,78,10
2019-02-06 18:00:00,30,18,0.0,11.6,1,1,7,07:33 AM,09:02 PM,06:09 AM,07:48 PM,15,29,29,29,18,38,43,0.0,1012,29,10,63,15
2019-02-06 21:00:00,30,18,0.0,11.6,1,1,7,07:33 AM,09:02 PM,06:09 AM,07:48 PM,16,27,27,26,24,10,54,0.0,1012,26,10,60,14
2019-02-07 00:00:00,33,20,0.0,11.6,1,1,14,08:27 AM,09:33 PM,06:10 AM,07:47 PM,18,25,25,23,31,0,74,0.0,1012,23,10,39,21
2019-02-07 03:00:00,33,20,0.0,11.6,1,1,14,08:27 AM,09:33 PM,06:10 AM,07:47 PM,18,22,24,22,26,13,80,0.0,1011,22,10,25,18
2019-02-07 06:00:00,33,20,0.0,11.6,1,1,14,08:27 AM,09:33 PM,06:10 AM,07:47 PM,18,20,20,20,23,19,87,0.0,1011,20,10,21,15
2019-02-07 09:00:00,33,20,0.0,11.6,1,1,14,08:27 AM,09:33 PM,06:10 AM,07:47 PM,18,26,26,24,17,3,69,0.0,1012,24,10,12,14
2019-02-07 12:00:00,33,20,0.0,11.6,1,1,14,08:27 AM,09:33 PM,06:10 AM,07:47 PM,15,30,30,30,13,0,40,0.0,1011,30,10,9,12
2019-02-07 15:00:00,33,20,0.0,11.6,1,1,14,08:27 AM,09:33 PM,06:10 AM,07:47 PM,14,33,33,33,5,19,31,0.0,1009,33,10,5,4
2019-02-07 18:00:00,33,20,0.0,11.6,1,1,14,08:27 AM,09:33 PM,06:10 AM,07:47 PM,16,32,32,32,6,15,39,0.0,1007,32,10,133,5
2019-02-07 21:00:00,33,20,0.0,11.6,1,1,14,08:27 AM,09:33 PM,06:10 AM,07:47 PM,16,28,28,28,17,12,49,0.0,1007,28,10,7,9
2019-02-08 00:00:00,32,22,0.0,11.6,1,1,22,09:22 AM,10:02 PM,06:11 AM,07:46 PM,17,26,26,25,28,8,61,0.0,1008,25,10,22,18
2019-02-08 03:00:00,32,22,0.0,11.6,1,1,22,09:22 AM,10:02 PM,06:11 AM,07:46 PM,18,25,25,23,23,18,73,0.0,1008,23,10,18,15
2019-02-08 06:00:00,32,22,0.0,11.6,1,1,22,09:22 AM,10:02 PM,06:11 AM,07:46 PM,19,25,25,22,27,12,81,0.0,1007,22,10,359,17
2019-02-08 09:00:00,32,22,0.0,11.6,1,1,22,09:22 AM,10:02 PM,06:11 AM,07:46 PM,19,28,28,26,17,8,62,0.0,1008,26,10,339,15
2019-02-08 12:00:00,32,22,0.0,11.6,1,1,22,09:22 AM,10:02 PM,06:11 AM,07:46 PM,17,34,34,32,18,38,41,0.0,1008,32,10,275,16
2019-02-08 15:00:00,32,22,0.0,11.6,1,1,22,09:22 AM,10:02 PM,06:11 AM,07:46 PM,18,33,33,31,21,30,46,0.0,1007,31,10,217,18
2019-02-08 18:00:00,32,22,0.0,11.6,1,1,22,09:22 AM,10:02 PM,06:11 AM,07:46 PM,20,30,30,28,30,34,64,0.0,1008,28,9,159,26
2019-02-08 21:00:00,32,22,0.0,11.6,1,1,22,09:22 AM,10:02 PM,06:11 AM,07:46 PM,17,25,25,23,33,49,68,0.0,1010,23,10,136,24
2019-02-09 00:00:00,32,21,0.0,11.6,1,1,29,10:17 AM,10:31 PM,06:12 AM,07:45 PM,16,22,25,22,26,88,69,0.3,1012,22,18,117,18
2019-02-09 03:00:00,32,21,0.0,11.6,1,1,29,10:17 AM,10:31 PM,06:12 AM,07:45 PM,15,21,24,21,18,29,68,0.0,1012,21,18,105,12
2019-02-09 06:00:00,32,21,0.0,11.6,1,1,29,10:17 AM,10:31 PM,06:12 AM,07:45 PM,14,21,21,21,21,9,66,0.0,1012,21,17,109,13
2019-02-09 09:00:00,32,21,0.0,11.6,1,1,29,10:17 AM,10:31 PM,06:12 AM,07:45 PM,13,25,25,24,19,2,49,0.0,1014,24,17,98,16
2019-02-09 12:00:00,32,21,0.0,11.6,1,1,29,10:17 AM,10:31 PM,06:12 AM,07:45 PM,7,28,28,29,18,1,25,0.0,1013,29,18,84,15
2019-02-09 15:00:00,32,21,0.0,11.6,1,1,29,10:17 AM,10:31 PM,06:12 AM,07:45 PM,7,30,30,32,18,2,20,0.0,1011,32,18,95,15
2019-02-09 18:00:00,32,21,0.0,11.6,1,1,29,10:17 AM,10:31 PM,06:12 AM,07:45 PM,18,33,33,30,17,20,41,0.0,1006,30,20,278,14
2019-02-09 21:00:00,32,21,0.0,11.6,1,1,29,10:17 AM,10:31 PM,06:12 AM,07:45 PM,20,30,30,28,7,13,59,0.0,1007,28,20,83,4
2019-02-10 00:00:00,36,24,0.0,11.6,1,1,37,11:14 AM,11:02 PM,06:13 AM,07:44 PM,21,29,29,27,10,0,70,0.0,1007,27,10,35,6
2019-02-10 03:00:00,36,24,0.0,11.6,1,1,37,11:14 AM,11:02 PM,06:13 AM,07:44 PM,19,26,26,25,19,0,71,0.0,1006,25,10,6,9
2019-02-10 06:00:00,36,24,0.0,11.6,1,1,37,11:14 AM,11:02 PM,06:13 AM,07:44 PM,18,25,25,24,23,5,72,0.0,1006,24,10,1,11
2019-02-10 09:00:00,36,24,0.0,11.6,1,1,37,11:14 AM,11:02 PM,06:13 AM,07:44 PM,19,30,30,29,17,5,53,0.0,1007,29,10,346,14
2019-02-10 12:00:00,36,24,0.0,11.6,1,1,37,11:14 AM,11:02 PM,06:13 AM,07:44 PM,16,36,36,35,19,12,32,0.0,1006,35,10,307,16
2019-02-10 15:00:00,36,24,0.0,11.6,1,1,37,11:14 AM,11:02 PM,06:13 AM,07:44 PM,15,36,36,36,10,44,29,0.0,1003,36,20,240,9
2019-02-10 18:00:00,36,24,0.0,11.6,1,1,37,11:14 AM,11:02 PM,06:13 AM,07:44 PM,17,34,34,33,6,44,37,0.0,1001,33,20,177,5
2019-02-10 21:00:00,36,24,0.0,11.6,1,1,37,11:14 AM,11:02 PM,06:13 AM,07:44 PM,18,30,30,29,3,14,51,0.0,1001,29,20,126,1
2019-02-11 00:00:00,25,20,0.0,6.6,1,1,44,12:11 PM,11:35 PM,06:14 AM,07:43 PM,18,29,29,28,14,18,55,0.0,1001,28,10,11,8
2019-02-11 03:00:00,25,20,0.0,6.6,1,1,44,12:11 PM,11:35 PM,06:14 AM,07:43 PM,17,28,28,27,18,57,56,0.0,1002,27,9,292,9
2019-02-11 06:00:00,25,20,0.0,6.6,1,1,44,12:11 PM,11:35 PM,06:14 AM,07:43 PM,20,27,27,25,12,71,73,5.8,1004,25,7,312,6
2019-02-11 09:00:00,25,20,0.0,6.6,1,1,44,12:11 PM,11:35 PM,06:14 AM,07:43 PM,21,27,27,25,48,86,77,9.3,1007,25,3,177,23
2019-02-11 12:00:00,25,20,0.0,6.6,1,1,44,12:11 PM,11:35 PM,06:14 AM,07:43 PM,19,25,25,23,46,100,76,2.6,1009,23,7,158,29
2019-02-11 15:00:00,25,20,0.0,6.6,1,1,44,12:11 PM,11:35 PM,06:14 AM,07:43 PM,18,21,21,21,63,97,81,16.0,1011,21,14,161,32
2019-02-11 18:00:00,25,20,0.0,6.6,1,1,44,12:11 PM,11:35 PM,06:14 AM,07:43 PM,15,20,20,20,49,65,71,0.1,1013,20,18,167,36
2019-02-11 21:00:00,25,20,0.0,6.6,1,1,44,12:11 PM,11:35 PM,06:14 AM,07:43 PM,11,19,19,19,45,4,59,0.0,1017,19,18,165,31
2019-02-12 00:00:00,20,16,0.0,6.6,1,1,52,01:11 PM,No moonset,06:15 AM,07:42 PM,12,19,19,19,38,54,64,0.0,1019,19,10,172,26
2019-02-12 03:00:00,20,16,0.0,6.6,1,1,52,01:11 PM,No moonset,06:15 AM,07:42 PM,12,18,18,18,40,83,68,0.4,1021,18,9,185,28
2019-02-12 06:00:00,20,16,0.0,6.6,1,1,52,01:11 PM,No moonset,06:15 AM,07:42 PM,10,17,17,17,37,83,64,0.3,1023,17,9,191,26
2019-02-12 09:00:00,20,16,0.0,6.6,1,1,52,01:11 PM,No moonset,06:15 AM,07:42 PM,9,18,18,18,31,100,55,0.0,1025,18,10,185,25
2019-02-12 12:00:00,20,16,0.0,6.6,1,1,52,01:11 PM,No moonset,06:15 AM,07:42 PM,9,20,20,20,30,99,51,0.1,1026,20,10,186,26
2019-02-12 15:00:00,20,16,0.0,6.6,1,1,52,01:11 PM,No moonset,06:15 AM,07:42 PM,10,18,18,18,29,98,60,0.5,1025,18,10,176,22
2019-02-12 18:00:00,20,16,0.0,6.6,1,1,52,01:11 PM,No moonset,06:15 AM,07:42 PM,10,16,20,16,22,72,54,0.1,1024,16,20,168,18
2019-02-12 21:00:00,20,16,0.0,6.6,1,1,52,01:11 PM,No moonset,06:15 AM,07:42 PM,10,14,17,14,23,55,59,0.3,1024,14,10,144,15
2019-02-13 00:00:00,25,14,0.0,11.6,1,1,60,02:12 PM,12:10 AM,06:16 AM,07:41 PM,8,17,17,17,16,0,56,0.0,1024,17,10,118,10
2019-02-13 03:00:00,25,14,0.0,11.6,1,1,60,02:12 PM,12:10 AM,06:16 AM,07:41 PM,8,16,16,16,13,2,61,0.0,1023,16,10,49,8
2019-02-13 06:00:00,25,14,0.0,11.6,1,1,60,02:12 PM,12:10 AM,06:16 AM,07:41 PM,9,14,14,14,15,0,70,0.0,1022,14,10,356,9
2019-02-13 09:00:00,25,14,0.0,11.6,1,1,60,02:12 PM,12:10 AM,06:16 AM,07:41 PM,9,18,18,18,10,0,55,0.0,1022,18,20,357,9
2019-02-13 12:00:00,25,14,0.0,11.6,1,1,60,02:12 PM,12:10 AM,06:16 AM,07:41 PM,8,24,24,23,8,0,38,0.0,1022,23,10,83,6
2019-02-13 15:00:00,25,14,0.0,11.6,1,1,60,02:12 PM,12:10 AM,06:16 AM,07:41 PM,7,25,25,25,13,0,32,0.0,1020,25,10,122,11
2019-02-13 18:00:00,25,14,0.0,11.6,1,1,60,02:12 PM,12:10 AM,06:16 AM,07:41 PM,9,25,25,24,18,0,40,0.0,1018,24,20,117,16
2019-02-13 21:00:00,25,14,0.0,11.6,1,1,60,02:12 PM,12:10 AM,06:16 AM,07:41 PM,12,20,20,20,28,6,59,0.0,1018,20,20,96,18
2019-02-14 00:00:00,23,17,0.0,7.9,1,1,67,03:16 PM,12:52 AM,06:17 AM,07:40 PM,13,19,19,19,26,5,69,0.0,1018,19,10,65,18
2019-02-14 03:00:00,23,17,0.0,7.9,1,1,67,03:16 PM,12:52 AM,06:17 AM,07:40 PM,14,17,17,17,24,27,81,0.0,1017,17,10,32,16
2019-02-14 06:00:00,23,17,0.0,7.9,1,1,67,03:16 PM,12:52 AM,06:17 AM,07:40 PM,14,17,17,17,23,14,82,0.0,1017,17,10,9,15
2019-02-14 09:00:00,23,17,0.0,7.9,1,1,67,03:16 PM,12:52 AM,06:17 AM,07:40 PM,14,20,20,20,17,28,72,0.0,1018,20,10,343,14
2019-02-14 12:00:00,23,17,0.0,7.9,1,1,67,03:16 PM,12:52 AM,06:17 AM,07:40 PM,15,25,25,23,12,82,61,0.9,1017,23,15,301,9
2019-02-14 15:00:00,23,17,0.0,7.9,1,1,67,03:16 PM,12:52 AM,06:17 AM,07:40 PM,14,25,25,23,9,88,56,0.6,1017,23,9,330,7
2019-02-14 18:00:00,23,17,0.0,7.9,1,1,67,03:16 PM,12:52 AM,06:17 AM,07:40 PM,15,21,23,21,14,76,68,0.2,1016,21,18,131,11
2019-02-14 21:00:00,23,17,0.0,7.9,1,1,67,03:16 PM,12:52 AM,06:17 AM,07:40 PM,16,17,20,17,21,81,74,0.2,1016,17,18,89,13
2019-02-15 00:00:00,27,18,0.0,11.6,1,1,75,04:20 PM,01:40 AM,06:18 AM,07:39 PM,15,19,19,19,14,30,77,0.0,1016,19,10,82,9
2019-02-15 03:00:00,27,18,0.0,11.6,1,1,75,04:20 PM,01:40 AM,06:18 AM,07:39 PM,16,19,19,19,11,20,83,0.0,1016,19,10,53,7
2019-02-15 06:00:00,27,18,0.0,11.6,1,1,75,04:20 PM,01:40 AM,06:18 AM,07:39 PM,16,18,18,18,6,18,86,0.0,1016,18,10,22,4
2019-02-15 09:00:00,27,18,0.0,11.6,1,1,75,04:20 PM,01:40 AM,06:18 AM,07:39 PM,16,25,25,23,4,7,67,0.0,1017,23,10,190,4
2019-02-15 12:00:00,27,18,0.0,11.6,1,1,75,04:20 PM,01:40 AM,06:18 AM,07:39 PM,14,26,26,26,14,3,48,0.0,1016,26,20,159,13
2019-02-15 15:00:00,27,18,0.0,11.6,1,1,75,04:20 PM,01:40 AM,06:18 AM,07:39 PM,14,27,27,27,18,0,47,0.0,1016,27,10,146,16
2019-02-15 18:00:00,27,18,0.0,11.6,1,1,75,04:20 PM,01:40 AM,06:18 AM,07:39 PM,14,26,26,25,19,0,49,0.0,1015,25,10,127,15
2019-02-15 21:00:00,27,18,0.0,11.6,1,1,75,04:20 PM,01:40 AM,06:18 AM,07:39 PM,14,22,25,22,15,0,60,0.0,1015,22,20,82,9
2019-02-16 00:00:00,30,18,0.0,11.6,1,1,82,05:22 PM,02:36 AM,06:19 AM,07:38 PM,14,20,20,20,14,0,67,0.0,1016,20,10,37,8
2019-02-16 03:00:00,30,18,0.0,11.6,1,1,82,05:22 PM,02:36 AM,06:19 AM,07:38 PM,14,19,19,19,15,0,75,0.0,1016,19,10,9,9
2019-02-16 06:00:00,30,18,0.0,11.6,1,1,82,05:22 PM,02:36 AM,06:19 AM,07:38 PM,14,18,18,18,14,0,81,0.0,1017,18,10,351,8
2019-02-16 09:00:00,30,18,0.0,11.6,1,1,82,05:22 PM,02:36 AM,06:19 AM,07:38 PM,14,25,25,23,7,0,58,0.0,1018,23,20,339,6
2019-02-16 12:00:00,30,18,0.0,11.6,1,1,82,05:22 PM,02:36 AM,06:19 AM,07:38 PM,13,30,30,30,3,0,35,0.0,1017,30,10,160,2
2019-02-16 15:00:00,30,18,0.0,11.6,1,1,82,05:22 PM,02:36 AM,06:19 AM,07:38 PM,12,29,29,30,14,0,34,0.0,1016,30,20,131,13
2019-02-16 18:00:00,30,18,0.0,11.6,1,1,82,05:22 PM,02:36 AM,06:19 AM,07:38 PM,14,28,28,28,18,0,43,0.0,1015,28,20,125,15
2019-02-16 21:00:00,30,18,0.0,11.6,1,1,82,05:22 PM,02:36 AM,06:19 AM,07:38 PM,15,25,25,24,23,0,59,0.0,1016,24,20,92,14
2019-02-17 00:00:00,32,19,0.0,11.6,1,1,90,06:19 PM,03:40 AM,06:20 AM,07:37 PM,15,25,25,22,23,0,65,0.0,1016,22,10,46,14
2019-02-17 03:00:00,32,19,0.0,11.6,1,1,90,06:19 PM,03:40 AM,06:20 AM,07:37 PM,15,20,20,20,23,0,73,0.0,1016,20,10,20,14
2019-02-17 06:00:00,32,19,0.0,11.6,1,1,90,06:19 PM,03:40 AM,06:20 AM,07:37 PM,16,19,19,19,19,0,83,0.0,1016,19,10,12,12
2019-02-17 09:00:00,32,19,0.0,11.6,1,1,90,06:19 PM,03:40 AM,06:20 AM,07:37 PM,17,25,25,23,14,0,69,0.0,1017,23,10,3,12
2019-02-17 12:00:00,32,19,0.0,11.6,1,1,90,06:19 PM,03:40 AM,06:20 AM,07:37 PM,15,29,29,29,11,0,42,0.0,1016,29,20,7,9
2019-02-17 15:00:00,32,19,0.0,11.6,1,1,90,06:19 PM,03:40 AM,06:20 AM,07:37 PM,13,31,31,32,11,8,33,0.0,1014,32,20,65,9
2019-02-17 18:00:00,32,19,0.0,11.6,1,1,90,06:19 PM,03:40 AM,06:20 AM,07:37 PM,15,30,30,30,16,5,40,0.0,1013,30,20,76,13
2019-02-17 21:00:00,32,19,0.0,11.6,1,1,90,06:19 PM,03:40 AM,06:20 AM,07:37 PM,16,27,27,26,24,0,55,0.0,1013,26,20,48,13
2019-02-18 00:00:00,34,21,0.0,11.6,1,1,97,07:10 PM,04:50 AM,06:21 AM,07:36 PM,17,26,26,24,30,0,64,0.0,1013,24,10,39,18
2019-02-18 03:00:00,34,21,0.0,11.6,1,1,97,07:10 PM,04:50 AM,06:21 AM,07:36 PM,18,22,25,22,30,0,77,0.0,1013,22,10,24,20
2019-02-18 06:00:00,34,21,0.0,11.6,1,1,97,07:10 PM,04:50 AM,06:21 AM,07:36 PM,17,21,21,21,27,0,79,0.0,1012,21,10,17,18
2019-02-18 09:00:00,34,21,0.0,11.6,1,1,97,07:10 PM,04:50 AM,06:21 AM,07:36 PM,15,25,25,23,22,0,61,0.0,1013,23,10,11,19
2019-02-18 12:00:00,34,21,0.0,11.6,1,1,97,07:10 PM,04:50 AM,06:21 AM,07:36 PM,14,29,29,29,16,0,39,0.0,1012,29,10,360,14
2019-02-18 15:00:00,34,21,0.0,11.6,1,1,97,07:10 PM,04:50 AM,06:21 AM,07:36 PM,14,33,33,34,5,2,31,0.0,1009,34,10,355,5
2019-02-18 18:00:00,34,21,0.0,11.6,1,1,97,07:10 PM,04:50 AM,06:21 AM,07:36 PM,14,31,31,31,6,7,34,0.0,1007,31,10,130,5
2019-02-18 21:00:00,34,21,0.0,11.6,1,1,97,07:10 PM,04:50 AM,06:21 AM,07:36 PM,17,28,28,27,11,7,54,0.0,1008,27,20,69,6
2019-02-19 00:00:00,35,23,0.0,11.6,1,1,100,07:56 PM,06:02 AM,06:22 AM,07:34 PM,16,26,26,25,23,2,57,0.0,1008,25,10,2,13
2019-02-19 03:00:00,35,23,0.0,11.6,1,1,100,07:56 PM,06:02 AM,06:22 AM,07:34 PM,15,25,25,24,22,6,60,0.0,1008,24,10,353,13
2019-02-19 06:00:00,35,23,0.0,11.6,1,1,100,07:56 PM,06:02 AM,06:22 AM,07:34 PM,15,25,25,23,23,12,63,0.0,1007,23,10,337,13
2019-02-19 09:00:00,35,23,0.0,11.6,1,1,100,07:56 PM,06:02 AM,06:22 AM,07:34 PM,18,28,28,27,19,8,59,0.0,1008,27,10,314,16
2019-02-19 12:00:00,35,23,0.0,11.6,1,1,100,07:56 PM,06:02 AM,06:22 AM,07:34 PM,18,34,34,32,22,7,42,0.0,1007,32,10,266,19
2019-02-19 15:00:00,35,23,0.0,11.6,1,1,100,07:56 PM,06:02 AM,06:22 AM,07:34 PM,16,35,35,35,15,7,33,0.0,1005,35,10,253,13
2019-02-19 18:00:00,35,23,0.0,11.6,1,1,100,07:56 PM,06:02 AM,06:22 AM,07:34 PM,16,36,36,33,8,0,31,0.0,1004,33,10,233,6
2019-02-19 21:00:00,35,23,0.0,11.6,1,1,100,07:56 PM,06:02 AM,06:22 AM,07:34 PM,16,30,30,29,23,4,45,0.0,1005,29,10,108,12
2019-02-20 00:00:00,36,24,0.0,10.3,1,1,88,08:37 PM,07:16 AM,06:23 AM,07:33 PM,17,28,28,28,21,5,53,0.0,1007,28,10,333,11
2019-02-20 03:00:00,36,24,0.0,10.3,1,1,88,08:37 PM,07:16 AM,06:23 AM,07:33 PM,17,27,27,26,25,14,57,0.0,1006,26,10,346,13
2019-02-20 06:00:00,36,24,0.0,10.3,1,1,88,08:37 PM,07:16 AM,06:23 AM,07:33 PM,18,26,26,24,25,89,68,2.5,1007,24,7,313,13
2019-02-20 09:00:00,36,24,0.0,10.3,1,1,88,08:37 PM,07:16 AM,06:23 AM,07:33 PM,18,29,29,27,29,80,57,2.5,1008,27,9,304,19
2019-02-20 12:00:00,36,24,0.0,10.3,1,1,88,08:37 PM,07:16 AM,06:23 AM,07:33 PM,15,34,34,34,16,2,33,0.0,1008,34,10,256,14
2019-02-20 15:00:00,36,24,0.0,10.3,1,1,88,08:37 PM,07:16 AM,06:23 AM,07:33 PM,12,36,36,36,14,0,23,0.0,1007,36,10,250,12
2019-02-20 18:00:00,36,24,0.0,10.3,1,1,88,08:37 PM,07:16 AM,06:23 AM,07:33 PM,13,35,35,36,9,0,27,0.0,1006,36,10,221,7
2019-02-20 21:00:00,36,24,0.0,10.3,1,1,88,08:37 PM,07:16 AM,06:23 AM,07:33 PM,11,34,34,32,30,5,31,0.0,1006,32,10,45,15
2019-02-21 00:00:00,37,28,0.0,10.3,1,1,80,09:15 PM,08:27 AM,06:24 AM,07:32 PM,18,30,30,29,28,0,52,0.0,1008,29,10,1,15
2019-02-21 03:00:00,37,28,0.0,10.3,1,1,80,09:15 PM,08:27 AM,06:24 AM,07:32 PM,17,29,29,28,36,70,49,0.0,1008,28,10,353,20
2019-02-21 06:00:00,37,28,0.0,10.3,1,1,80,09:15 PM,08:27 AM,06:24 AM,07:32 PM,17,28,28,28,36,74,52,0.0,1010,28,10,347,21
2019-02-21 09:00:00,37,28,0.0,10.3,1,1,80,09:15 PM,08:27 AM,06:24 AM,07:32 PM,17,31,31,30,27,77,47,0.0,1013,30,10,337,21
2019-02-21 12:00:00,37,28,0.0,10.3,1,1,80,09:15 PM,08:27 AM,06:24 AM,07:32 PM,18,37,37,35,22,10,36,0.0,1013,35,10,315,19
2019-02-21 15:00:00,37,28,0.0,10.3,1,1,80,09:15 PM,08:27 AM,06:24 AM,07:32 PM,17,38,38,37,11,11,31,0.0,1011,37,10,324,10
2019-02-21 18:00:00,37,28,0.0,10.3,1,1,80,09:15 PM,08:27 AM,06:24 AM,07:32 PM,17,37,37,36,19,10,33,0.0,1008,36,10,0,14
2019-02-21 21:00:00,37,28,0.0,10.3,1,1,80,09:15 PM,08:27 AM,06:24 AM,07:32 PM,17,32,32,32,33,4,41,0.0,1010,32,10,6,19
2019-02-22 00:00:00,35,26,0.0,10.3,1,1,73,09:51 PM,09:36 AM,06:25 AM,07:31 PM,18,30,30,28,20,7,53,0.0,1012,28,10,25,12
2019-02-22 03:00:00,35,26,0.0,10.3,1,1,73,09:51 PM,09:36 AM,06:25 AM,07:31 PM,17,28,28,28,34,8,52,0.0,1011,28,10,1,20
2019-02-22 06:00:00,35,26,0.0,10.3,1,1,73,09:51 PM,09:36 AM,06:25 AM,07:31 PM,16,27,27,26,33,3,53,0.0,1011,26,10,355,20
2019-02-22 09:00:00,35,26,0.0,10.3,1,1,73,09:51 PM,09:36 AM,06:25 AM,07:31 PM,17,30,30,29,29,76,47,0.0,1012,29,10,344,23
2019-02-22 12:00:00,35,26,0.0,10.3,1,1,73,09:51 PM,09:36 AM,06:25 AM,07:31 PM,16,34,34,33,15,10,37,0.0,1012,33,10,294,13
2019-02-22 15:00:00,35,26,0.0,10.3,1,1,73,09:51 PM,09:36 AM,06:25 AM,07:31 PM,16,36,36,35,6,8,33,0.0,1009,35,10,226,5
2019-02-22 18:00:00,35,26,0.0,10.3,1,1,73,09:51 PM,09:36 AM,06:25 AM,07:31 PM,17,34,34,33,12,5,38,0.0,1007,33,10,116,10
2019-02-22 21:00:00,35,26,0.0,10.3,1,1,73,09:51 PM,09:36 AM,06:25 AM,07:31 PM,19,30,30,28,31,64,56,0.0,1007,28,10,131,21
2019-02-23 00:00:00,28,23,0.0,7.8,1,1,65,10:26 PM,10:42 AM,06:26 AM,07:30 PM,21,27,27,25,53,100,79,0.0,1009,25,13,149,41
2019-02-23 03:00:00,28,23,0.0,7.8,1,1,65,10:26 PM,10:42 AM,06:26 AM,07:30 PM,19,25,25,23,22,100,77,4.5,1008,23,10,130,15
2019-02-23 06:00:00,28,23,0.0,7.8,1,1,65,10:26 PM,10:42 AM,06:26 AM,07:30 PM,20,26,26,24,19,73,81,1.2,1007,24,13,76,13
2019-02-23 09:00:00,28,23,0.0,7.8,1,1,65,10:26 PM,10:42 AM,06:26 AM,07:30 PM,20,28,28,26,5,52,72,1.0,1007,26,14,83,4
2019-02-23 12:00:00,28,23,0.0,7.8,1,1,65,10:26 PM,10:42 AM,06:26 AM,07:30 PM,19,29,29,27,8,84,63,0.1,1007,27,17,217,6
2019-02-23 15:00:00,28,23,0.0,7.8,1,1,65,10:26 PM,10:42 AM,06:26 AM,07:30 PM,20,30,30,28,11,100,63,0.2,1004,28,16,165,9
2019-02-23 18:00:00,28,23,0.0,7.8,1,1,65,10:26 PM,10:42 AM,06:26 AM,07:30 PM,21,25,25,23,22,100,89,21.4,1003,23,10,143,11
2019-02-23 21:00:00,28,23,0.0,7.8,1,1,65,10:26 PM,10:42 AM,06:26 AM,07:30 PM,20,25,25,23,13,100,85,32.4,1004,23,12,56,6
2019-02-24 00:00:00,22,20,0.0,7.8,1,1,57,11:03 PM,11:48 AM,06:27 AM,07:28 PM,19,25,25,23,16,82,79,0.9,1004,23,9,346,11
2019-02-24 03:00:00,22,20,0.0,7.8,1,1,57,11:03 PM,11:48 AM,06:27 AM,07:28 PM,18,22,24,22,9,89,79,0.9,1004,22,9,287,6
2019-02-24 06:00:00,22,20,0.0,7.8,1,1,57,11:03 PM,11:48 AM,06:27 AM,07:28 PM,18,22,24,22,13,47,79,0.0,1004,22,10,195,8
2019-02-24 09:00:00,22,20,0.0,7.8,1,1,57,11:03 PM,11:48 AM,06:27 AM,07:28 PM,18,22,25,22,31,99,78,0.1,1006,22,10,155,24
2019-02-24 12:00:00,22,20,0.0,7.8,1,1,57,11:03 PM,11:48 AM,06:27 AM,07:28 PM,13,25,25,22,26,45,56,0.0,1008,22,10,150,23
2019-02-24 15:00:00,22,20,0.0,7.8,1,1,57,11:03 PM,11:48 AM,06:27 AM,07:28 PM,12,25,25,22,21,97,51,0.0,1008,22,10,143,18
2019-02-24 18:00:00,22,20,0.0,7.8,1,1,57,11:03 PM,11:48 AM,06:27 AM,07:28 PM,11,21,21,21,21,88,53,0.0,1008,21,10,133,15
2019-02-24 21:00:00,22,20,0.0,7.8,1,1,57,11:03 PM,11:48 AM,06:27 AM,07:28 PM,11,20,20,20,22,13,56,0.0,1009,20,10,123,14
2019-02-25 00:00:00,21,18,0.0,7.8,1,1,50,11:42 PM,12:50 PM,06:28 AM,07:27 PM,12,19,19,19,15,69,64,0.5,1011,19,10,112,10
2019-02-25 03:00:00,21,18,0.0,7.8,1,1,50,11:42 PM,12:50 PM,06:28 AM,07:27 PM,11,19,19,19,14,71,61,1.6,1011,19,10,151,10
2019-02-25 06:00:00,21,18,0.0,7.8,1,1,50,11:42 PM,12:50 PM,06:28 AM,07:27 PM,10,18,18,18,4,45,60,0.0,1012,18,10,225,2
2019-02-25 09:00:00,21,18,0.0,7.8,1,1,50,11:42 PM,12:50 PM,06:28 AM,07:27 PM,10,18,18,18,24,97,61,0.7,1014,18,10,202,18
2019-02-25 12:00:00,21,18,0.0,7.8,1,1,50,11:42 PM,12:50 PM,06:28 AM,07:27 PM,8,18,18,18,22,78,51,0.0,1015,18,10,223,15
2019-02-25 15:00:00,21,18,0.0,7.8,1,1,50,11:42 PM,12:50 PM,06:28 AM,07:27 PM,7,21,21,21,20,66,40,0.0,1014,21,10,221,17
2019-02-25 18:00:00,21,18,0.0,7.8,1,1,50,11:42 PM,12:50 PM,06:28 AM,07:27 PM,6,20,20,20,17,46,38,0.0,1013,20,10,250,12
2019-02-25 21:00:00,21,18,0.0,7.8,1,1,50,11:42 PM,12:50 PM,06:28 AM,07:27 PM,5,20,20,20,21,26,36,0.0,1014,20,10,238,13
2019-02-26 00:00:00,20,18,0.0,11.6,1,1,42,No moonrise,01:50 PM,06:29 AM,07:26 PM,6,19,19,19,18,76,42,0.1,1015,19,10,271,12
2019-02-26 03:00:00,20,18,0.0,11.6,1,1,42,No moonrise,01:50 PM,06:29 AM,07:26 PM,5,19,19,19,22,37,39,0.0,1016,19,10,253,14
2019-02-26 06:00:00,20,18,0.0,11.6,1,1,42,No moonrise,01:50 PM,06:29 AM,07:26 PM,4,18,18,18,27,44,41,0.0,1016,18,10,226,18
2019-02-26 09:00:00,20,18,0.0,11.6,1,1,42,No moonrise,01:50 PM,06:29 AM,07:26 PM,3,18,18,18,28,13,36,0.0,1018,18,10,226,25
2019-02-26 12:00:00,20,18,0.0,11.6,1,1,42,No moonrise,01:50 PM,06:29 AM,07:26 PM,3,19,19,19,27,9,36,0.0,1018,19,10,227,24
2019-02-26 15:00:00,20,18,0.0,11.6,1,1,42,No moonrise,01:50 PM,06:29 AM,07:26 PM,4,20,20,20,24,18,34,0.0,1017,20,10,228,21
2019-02-26 18:00:00,20,18,0.0,11.6,1,1,42,No moonrise,01:50 PM,06:29 AM,07:26 PM,2,20,20,20,16,12,30,0.0,1016,20,10,242,13
2019-02-26 21:00:00,20,18,0.0,11.6,1,1,42,No moonrise,01:50 PM,06:29 AM,07:26 PM,1,18,18,18,11,7,33,0.0,1016,18,10,291,6
2019-02-27 00:00:00,25,14,0.0,11.6,1,1,35,12:22 AM,02:47 PM,06:30 AM,07:25 PM,2,16,16,16,16,5,38,0.0,1017,16,10,312,9
2019-02-27 03:00:00,25,14,0.0,11.6,1,1,35,12:22 AM,02:47 PM,06:30 AM,07:25 PM,3,14,15,14,27,11,45,0.0,1016,15,10,325,16
2019-02-27 06:00:00,25,14,0.0,11.6,1,1,35,12:22 AM,02:47 PM,06:30 AM,07:25 PM,0,13,14,13,30,10,38,0.0,1016,14,10,316,18
2019-02-27 09:00:00,25,14,0.0,11.6,1,1,35,12:22 AM,02:47 PM,06:30 AM,07:25 PM,3,18,18,18,26,23,36,0.0,1016,18,10,305,22
2019-02-27 12:00:00,25,14,0.0,11.6,1,1,35,12:22 AM,02:47 PM,06:30 AM,07:25 PM,4,24,24,23,28,21,29,0.0,1016,23,10,292,25
2019-02-27 15:00:00,25,14,0.0,11.6,1,1,35,12:22 AM,02:47 PM,06:30 AM,07:25 PM,4,25,25,25,33,15,25,0.0,1013,25,10,276,29
2019-02-27 18:00:00,25,14,0.0,11.6,1,1,35,12:22 AM,02:47 PM,06:30 AM,07:25 PM,5,24,24,25,28,26,28,0.0,1012,25,10,290,20
2019-02-27 21:00:00,25,14,0.0,11.6,1,1,35,12:22 AM,02:47 PM,06:30 AM,07:25 PM,6,24,24,22,31,44,34,0.0,1012,22,10,322,18
2019-02-28 00:00:00,24,17,0.0,10.3,1,1,27,01:07 AM,03:41 PM,06:30 AM,07:23 PM,6,19,19,19,32,46,41,0.0,1014,19,10,313,19
2019-02-28 03:00:00,24,17,0.0,10.3,1,1,27,01:07 AM,03:41 PM,06:30 AM,07:23 PM,11,18,18,18,8,22,62,0.0,1015,18,10,212,4
2019-02-28 06:00:00,24,17,0.0,10.3,1,1,27,01:07 AM,03:41 PM,06:30 AM,07:23 PM,12,17,17,17,3,76,72,0.0,1015,17,10,193,2
2019-02-28 09:00:00,24,17,0.0,10.3,1,1,27,01:07 AM,03:41 PM,06:30 AM,07:23 PM,13,21,21,21,4,66,60,0.0,1015,21,10,256,4
2019-02-28 12:00:00,24,17,0.0,10.3,1,1,27,01:07 AM,03:41 PM,06:30 AM,07:23 PM,12,25,25,24,13,4,48,0.0,1015,24,10,208,11
2019-02-28 15:00:00,24,17,0.0,10.3,1,1,27,01:07 AM,03:41 PM,06:30 AM,07:23 PM,11,25,25,24,18,0,45,0.0,1014,24,10,193,15
2019-02-28 18:00:00,24,17,0.0,10.3,1,1,27,01:07 AM,03:41 PM,06:30 AM,07:23 PM,10,22,24,22,14,3,46,0.0,1013,22,10,159,12
2019-02-28 21:00:00,24,17,0.0,10.3,1,1,27,01:07 AM,03:41 PM,06:30 AM,07:23 PM,10,19,19,19,18,9,56,0.0,1014,19,10,99,11
2019-03-01 00:00:00,31,14,0.0,11.6,1,1,26,01:54 AM,04:29 PM,06:31 AM,07:22 PM,11,17,17,17,14,0,66,0.0,1014,17,10,67,8
2019-03-01 03:00:00,31,14,0.0,11.6,1,1,26,01:54 AM,04:29 PM,06:31 AM,07:22 PM,11,16,16,16,18,0,74,0.0,1014,16,10,45,10
2019-03-01 06:00:00,31,14,0.0,11.6,1,1,26,01:54 AM,04:29 PM,06:31 AM,07:22 PM,11,14,14,14,22,4,79,0.0,1013,14,10,22,13
2019-03-01 09:00:00,31,14,0.0,11.6,1,1,26,01:54 AM,04:29 PM,06:31 AM,07:22 PM,13,19,19,19,19,4,68,0.0,1013,19,10,13,15
2019-03-01 12:00:00,31,14,0.0,11.6,1,1,26,01:54 AM,04:29 PM,06:31 AM,07:22 PM,13,28,28,28,20,11,40,0.0,1012,28,10,328,18
2019-03-01 15:00:00,31,14,0.0,11.6,1,1,26,01:54 AM,04:29 PM,06:31 AM,07:22 PM,13,30,30,31,21,12,34,0.0,1010,31,10,316,18
2019-03-01 18:00:00,31,14,0.0,11.6,1,1,26,01:54 AM,04:29 PM,06:31 AM,07:22 PM,12,29,29,30,29,6,34,0.0,1007,30,10,333,20
2019-03-01 21:00:00,31,14,0.0,11.6,1,1,26,01:54 AM,04:29 PM,06:31 AM,07:22 PM,13,26,26,26,45,4,45,0.0,1007,26,10,339,24
2019-03-02 00:00:00,23,20,0.0,10.3,1,1,19,02:45 AM,05:14 PM,06:32 AM,07:21 PM,12,25,25,25,41,86,46,0.3,1007,25,9,324,23
2019-03-02 03:00:00,23,20,0.0,10.3,1,1,19,02:45 AM,05:14 PM,06:32 AM,07:21 PM,16,25,25,23,26,76,64,0.2,1008,23,9,251,15
2019-03-02 06:00:00,23,20,0.0,10.3,1,1,19,02:45 AM,05:14 PM,06:32 AM,07:21 PM,13,21,21,21,30,4,60,0.0,1010,21,10,215,20
2019-03-02 09:00:00,23,20,0.0,10.3,1,1,19,02:45 AM,05:14 PM,06:32 AM,07:21 PM,12,20,20,20,28,2,60,0.0,1013,20,10,219,24
2019-03-02 12:00:00,23,20,0.0,10.3,1,1,19,02:45 AM,05:14 PM,06:32 AM,07:21 PM,13,21,24,21,24,74,58,0.0,1014,21,10,210,21
2019-03-02 15:00:00,23,20,0.0,10.3,1,1,19,02:45 AM,05:14 PM,06:32 AM,07:21 PM,12,25,25,23,21,4,50,0.0,1014,23,10,199,18
2019-03-02 18:00:00,23,20,0.0,10.3,1,1,19,02:45 AM,05:14 PM,06:32 AM,07:21 PM,11,22,24,22,16,0,49,0.0,1014,22,10,174,13
2019-03-02 21:00:00,23,20,0.0,10.3,1,1,19,02:45 AM,05:14 PM,06:32 AM,07:21 PM,12,20,20,20,21,18,60,0.0,1015,20,10,131,13
2019-03-03 00:00:00,27,17,0.0,11.6,1,1,12,03:38 AM,05:55 PM,06:33 AM,07:20 PM,13,18,18,18,14,40,70,0.0,1016,18,10,114,9
2019-03-03 03:00:00,27,17,0.0,11.6,1,1,12,03:38 AM,05:55 PM,06:33 AM,07:20 PM,13,18,18,18,6,62,75,0.0,1016,18,10,54,4
2019-03-03 06:00:00,27,17,0.0,11.6,1,1,12,03:38 AM,05:55 PM,06:33 AM,07:20 PM,13,17,17,17,12,52,77,0.0,1016,17,10,6,8
2019-03-03 09:00:00,27,17,0.0,11.6,1,1,12,03:38 AM,05:55 PM,06:33 AM,07:20 PM,13,19,19,19,11,18,67,0.0,1017,19,10,15,10
2019-03-03 12:00:00,27,17,0.0,11.6,1,1,12,03:38 AM,05:55 PM,06:33 AM,07:20 PM,11,25,25,24,9,1,43,0.0,1017,24,10,72,8
2019-03-03 15:00:00,27,17,0.0,11.6,1,1,12,03:38 AM,05:55 PM,06:33 AM,07:20 PM,10,26,26,27,14,0,35,0.0,1015,27,10,98,13
2019-03-03 18:00:00,27,17,0.0,11.6,1,1,12,03:38 AM,05:55 PM,06:33 AM,07:20 PM,12,26,26,25,24,0,45,0.0,1014,25,10,96,19
2019-03-03 21:00:00,27,17,0.0,11.6,1,1,12,03:38 AM,05:55 PM,06:33 AM,07:20 PM,13,21,24,21,32,18,60,0.0,1014,21,10,83,20
2019-03-04 00:00:00,25,15,0.0,7.7,1,1,4,04:32 AM,06:31 PM,06:34 AM,07:18 PM,12,20,20,20,33,5,60,0.0,1012,20,10,51,21
2019-03-04 03:00:00,25,15,0.0,7.7,1,1,4,04:32 AM,06:31 PM,06:34 AM,07:18 PM,14,19,19,19,33,7,72,0.0,1011,19,10,45,23
2019-03-04 06:00:00,25,15,0.0,7.7,1,1,4,04:32 AM,06:31 PM,06:34 AM,07:18 PM,15,19,19,19,32,78,78,0.6,1011,19,10,40,21
2019-03-04 09:00:00,25,15,0.0,7.7,1,1,4,04:32 AM,06:31 PM,06:34 AM,07:18 PM,16,21,21,21,20,57,75,2.0,1012,21,10,337,13
2019-03-04 12:00:00,25,15,0.0,7.7,1,1,4,04:32 AM,06:31 PM,06:34 AM,07:18 PM,17,26,26,25,22,81,64,0.0,1012,25,10,347,18
2019-03-04 15:00:00,25,15,0.0,7.7,1,1,4,04:32 AM,06:31 PM,06:34 AM,07:18 PM,19,25,25,22,10,100,82,6.9,1011,22,7,347,7
2019-03-04 18:00:00,25,15,0.0,7.7,1,1,4,04:32 AM,06:31 PM,06:34 AM,07:18 PM,19,18,21,18,7,100,82,4.6,1010,18,7,95,5
2019-03-04 21:00:00,25,15,0.0,7.7,1,1,4,04:32 AM,06:31 PM,06:34 AM,07:18 PM,19,15,19,15,20,88,83,4.6,1010,15,9,57,11
2019-03-05 00:00:00,28,21,0.0,11.6,1,1,0,05:27 AM,07:04 PM,06:35 AM,07:17 PM,19,21,24,21,13,3,87,0.0,1012,21,10,273,7
2019-03-05 03:00:00,28,21,0.0,11.6,1,1,0,05:27 AM,07:04 PM,06:35 AM,07:17 PM,19,22,24,22,9,0,87,0.0,1013,22,10,233,6
2019-03-05 06:00:00,28,21,0.0,11.6,1,1,0,05:27 AM,07:04 PM,06:35 AM,07:17 PM,19,21,24,21,10,0,86,0.0,1014,21,10,180,6
2019-03-05 09:00:00,28,21,0.0,11.6,1,1,0,05:27 AM,07:04 PM,06:35 AM,07:17 PM,18,25,25,24,11,7,70,0.0,1016,24,10,152,9
2019-03-05 12:00:00,28,21,0.0,11.6,1,1,0,05:27 AM,07:04 PM,06:35 AM,07:17 PM,15,27,27,27,13,0,49,0.0,1017,27,10,139,12
2019-03-05 15:00:00,28,21,0.0,11.6,1,1,0,05:27 AM,07:04 PM,06:35 AM,07:17 PM,13,28,28,28,18,0,41,0.0,1016,28,10,120,16
2019-03-05 18:00:00,28,21,0.0,11.6,1,1,0,05:27 AM,07:04 PM,06:35 AM,07:17 PM,12,26,26,25,24,0,43,0.0,1015,25,10,111,18
2019-03-05 21:00:00,28,21,0.0,11.6,1,1,0,05:27 AM,07:04 PM,06:35 AM,07:17 PM,13,22,25,22,29,4,58,0.0,1016,22,10,94,18
2019-03-06 00:00:00,33,20,0.0,9.0,1,1,0,06:22 AM,07:36 PM,06:36 AM,07:16 PM,16,21,24,21,19,0,72,0.0,1015,21,10,77,12
2019-03-06 03:00:00,33,20,0.0,9.0,1,1,0,06:22 AM,07:36 PM,06:36 AM,07:16 PM,17,20,20,20,22,0,81,0.0,1015,20,10,45,14
2019-03-06 06:00:00,33,20,0.0,9.0,1,1,0,06:22 AM,07:36 PM,06:36 AM,07:16 PM,18,20,20,20,24,18,89,0.0,1014,20,10,22,14
2019-03-06 09:00:00,33,20,0.0,9.0,1,1,0,06:22 AM,07:36 PM,06:36 AM,07:16 PM,20,26,26,24,18,4,78,0.0,1014,24,10,357,15
2019-03-06 12:00:00,33,20,0.0,9.0,1,1,0,06:22 AM,07:36 PM,06:36 AM,07:16 PM,18,32,32,31,17,8,48,0.0,1013,31,10,311,15
2019-03-06 15:00:00,33,20,0.0,9.0,1,1,0,06:22 AM,07:36 PM,06:36 AM,07:16 PM,19,35,35,33,11,61,43,0.0,1011,33,9,282,9
2019-03-06 18:00:00,33,20,0.0,9.0,1,1,0,06:22 AM,07:36 PM,06:36 AM,07:16 PM,21,34,34,31,29,72,72,10.3,1009,31,3,131,14
2019-03-06 21:00:00,33,20,0.0,9.0,1,1,0,06:22 AM,07:36 PM,06:36 AM,07:16 PM,21,32,32,29,23,83,79,15.7,1010,29,3,103,10
2019-03-07 00:00:00,33,25,0.0,9.0,1,1,3,07:17 AM,08:05 PM,06:37 AM,07:14 PM,20,27,27,26,30,88,72,1.9,1009,26,10,12,15
2019-03-07 03:00:00,33,25,0.0,9.0,1,1,3,07:17 AM,08:05 PM,06:37 AM,07:14 PM,19,27,27,25,30,77,72,1.9,1009,25,9,10,16
2019-03-07 06:00:00,33,25,0.0,9.0,1,1,3,07:17 AM,08:05 PM,06:37 AM,07:14 PM,19,26,26,25,30,23,74,0.0,1008,25,10,3,17
2019-03-07 09:00:00,33,25,0.0,9.0,1,1,3,07:17 AM,08:05 PM,06:37 AM,07:14 PM,20,30,30,28,23,28,65,0.0,1009,28,10,351,18
2019-03-07 12:00:00,33,25,0.0,9.0,1,1,3,07:17 AM,08:05 PM,06:37 AM,07:14 PM,20,36,36,33,17,89,44,0.0,1008,33,9,312,15
2019-03-07 15:00:00,33,25,0.0,9.0,1,1,3,07:17 AM,08:05 PM,06:37 AM,07:14 PM,20,35,35,32,12,78,48,0.0,1007,32,9,258,9
2019-03-07 18:00:00,33,25,0.0,9.0,1,1,3,07:17 AM,08:05 PM,06:37 AM,07:14 PM,20,32,32,28,8,47,48,0.0,1007,28,9,216,6
2019-03-07 21:00:00,33,25,0.0,9.0,1,1,3,07:17 AM,08:05 PM,06:37 AM,07:14 PM,21,28,28,26,23,74,73,3.1,1008,26,7,73,13
2019-03-08 00:00:00,22,18,0.0,10.3,1,1,10,08:12 AM,08:34 PM,06:38 AM,07:13 PM,22,28,28,26,39,54,78,11.7,1008,26,3,256,18
2019-03-08 03:00:00,22,18,0.0,10.3,1,1,10,08:12 AM,08:34 PM,06:38 AM,07:13 PM,21,26,26,24,56,100,87,15.8,1010,24,3,176,26
2019-03-08 06:00:00,22,18,0.0,10.3,1,1,10,08:12 AM,08:34 PM,06:38 AM,07:13 PM,17,25,25,22,48,84,71,3.7,1012,22,7,151,28
2019-03-08 09:00:00,22,18,0.0,10.3,1,1,10,08:12 AM,08:34 PM,06:38 AM,07:13 PM,14,22,25,22,53,77,61,3.4,1015,22,7,155,31
2019-03-08 12:00:00,22,18,0.0,10.3,1,1,10,08:12 AM,08:34 PM,06:38 AM,07:13 PM,14,21,25,21,38,27,61,0.0,1018,21,10,153,33
2019-03-08 15:00:00,22,18,0.0,10.3,1,1,10,08:12 AM,08:34 PM,06:38 AM,07:13 PM,13,21,21,21,38,24,60,0.0,1020,21,10,152,33
2019-03-08 18:00:00,22,18,0.0,10.3,1,1,10,08:12 AM,08:34 PM,06:38 AM,07:13 PM,12,19,19,19,40,32,65,0.0,1020,19,10,150,33
2019-03-08 21:00:00,22,18,0.0,10.3,1,1,10,08:12 AM,08:34 PM,06:38 AM,07:13 PM,11,18,18,18,39,84,67,0.0,1024,18,10,148,28
2019-03-09 00:00:00,22,17,0.0,9.0,1,1,17,09:09 AM,09:04 PM,06:38 AM,07:12 PM,11,17,17,17,32,84,65,0.1,1025,17,10,149,23
2019-03-09 03:00:00,22,17,0.0,9.0,1,1,17,09:09 AM,09:04 PM,06:38 AM,07:12 PM,10,17,17,17,27,96,65,0.1,1025,17,10,146,20
2019-03-09 06:00:00,22,17,0.0,9.0,1,1,17,09:09 AM,09:04 PM,06:38 AM,07:12 PM,10,17,17,17,26,95,65,0.1,1025,17,10,149,19
2019-03-09 09:00:00,22,17,0.0,9.0,1,1,17,09:09 AM,09:04 PM,06:38 AM,07:12 PM,11,17,17,17,24,91,66,0.1,1026,17,10,139,19
2019-03-09 12:00:00,22,17,0.0,9.0,1,1,17,09:09 AM,09:04 PM,06:38 AM,07:12 PM,11,20,20,20,21,77,58,0.1,1027,20,10,138,18
2019-03-09 15:00:00,22,17,0.0,9.0,1,1,17,09:09 AM,09:04 PM,06:38 AM,07:12 PM,12,22,24,22,24,51,55,0.2,1026,22,10,134,21
2019-03-09 18:00:00,22,17,0.0,9.0,1,1,17,09:09 AM,09:04 PM,06:38 AM,07:12 PM,12,20,20,20,30,55,59,0.0,1026,20,10,128,23
2019-03-09 21:00:00,22,17,0.0,9.0,1,1,17,09:09 AM,09:04 PM,06:38 AM,07:12 PM,12,18,18,18,30,30,66,0.0,1027,18,10,118,19
2019-03-10 00:00:00,23,17,0.0,11.6,1,1,24,10:06 AM,09:36 PM,06:39 AM,07:10 PM,12,18,18,18,21,80,65,0.1,1027,18,10,103,14
2019-03-10 03:00:00,23,17,0.0,11.6,1,1,24,10:06 AM,09:36 PM,06:39 AM,07:10 PM,12,17,17,17,20,70,72,0.1,1027,17,10,98,12
2019-03-10 06:00:00,23,17,0.0,11.6,1,1,24,10:06 AM,09:36 PM,06:39 AM,07:10 PM,12,17,17,17,15,27,73,0.0,1027,17,10,95,9
2019-03-10 09:00:00,23,17,0.0,11.6,1,1,24,10:06 AM,09:36 PM,06:39 AM,07:10 PM,11,20,20,20,14,48,59,0.0,1028,20,10,100,12
2019-03-10 12:00:00,23,17,0.0,11.6,1,1,24,10:06 AM,09:36 PM,06:39 AM,07:10 PM,11,22,24,22,16,10,49,0.0,1027,22,10,118,14
2019-03-10 15:00:00,23,17,0.0,11.6,1,1,24,10:06 AM,09:36 PM,06:39 AM,07:10 PM,11,25,25,23,22,0,47,0.0,1026,23,10,123,19
2019-03-10 18:00:00,23,17,0.0,11.6,1,1,24,10:06 AM,09:36 PM,06:39 AM,07:10 PM,12,21,21,21,27,0,57,0.0,1024,21,10,115,22
2019-03-10 21:00:00,23,17,0.0,11.6,1,1,24,10:06 AM,09:36 PM,06:39 AM,07:10 PM,12,18,18,18,31,0,68,0.0,1024,18,10,94,20
2019-03-11 00:00:00,26,16,0.0,10.3,1,1,32,11:05 AM,10:10 PM,06:40 AM,07:09 PM,11,17,17,17,27,0,66,0.0,1024,17,10,69,17
2019-03-11 03:00:00,26,16,0.0,10.3,1,1,32,11:05 AM,10:10 PM,06:40 AM,07:09 PM,11,16,16,16,22,0,70,0.0,1023,16,10,56,13
2019-03-11 06:00:00,26,16,0.0,10.3,1,1,32,11:05 AM,10:10 PM,06:40 AM,07:09 PM,11,16,16,16,15,2,75,0.0,1023,16,10,44,9
2019-03-11 09:00:00,26,16,0.0,10.3,1,1,32,11:05 AM,10:10 PM,06:40 AM,07:09 PM,12,19,19,19,13,2,63,0.0,1023,19,10,45,11
2019-03-11 12:00:00,26,16,0.0,10.3,1,1,32,11:05 AM,10:10 PM,06:40 AM,07:09 PM,11,25,25,23,16,0,47,0.0,1022,23,10,55,14
2019-03-11 15:00:00,26,16,0.0,10.3,1,1,32,11:05 AM,10:10 PM,06:40 AM,07:09 PM,12,26,26,26,19,4,41,0.0,1019,26,10,84,16
2019-03-11 18:00:00,26,16,0.0,10.3,1,1,32,11:05 AM,10:10 PM,06:40 AM,07:09 PM,14,25,25,24,26,74,51,0.0,1017,24,10,67,20
2019-03-11 21:00:00,26,16,0.0,10.3,1,1,32,11:05 AM,10:10 PM,06:40 AM,07:09 PM,14,21,25,21,23,81,62,0.0,1018,21,10,59,14
